[   12509ms] [INFO] %cDownload the React DevTools for a better development experience: https://react.dev/link/react-devtools font-weight:bold @ http://localhost:3000/_next/static/chunks/node_modules_next_dist_compiled_react-dom_1e674e59._.js:14537
[   14467ms] [LOG] [Fast Refresh] rebuilding @ http://localhost:3000/_next/static/chunks/node_modules_next_dist_client_cf1d9188._.js:5956
[   16821ms] [LOG] [Fast Refresh] done in 2463ms @ http://localhost:3000/_next/static/chunks/node_modules_next_dist_client_cf1d9188._.js:5816
[   17085ms] [LOG] [Fast Refresh] rebuilding @ http://localhost:3000/_next/static/chunks/node_modules_next_dist_client_cf1d9188._.js:5956
[   17593ms] [LOG] [Fast Refresh] done in 614ms @ http://localhost:3000/_next/static/chunks/node_modules_next_dist_client_cf1d9188._.js:5816
[   17702ms] [LOG] [Fast Refresh] rebuilding @ http://localhost:3000/_next/static/chunks/node_modules_next_dist_client_cf1d9188._.js:5956
[   17834ms] [LOG] [Fast Refresh] done in 237ms @ http://localhost:3000/_next/static/chunks/node_modules_next_dist_client_cf1d9188._.js:5816
[   18008ms] [LOG] [Fast Refresh] rebuilding @ http://localhost:3000/_next/static/chunks/node_modules_next_dist_client_cf1d9188._.js:5956
[   18647ms] [LOG] [Fast Refresh] done in 745ms @ http://localhost:3000/_next/static/chunks/node_modules_next_dist_client_cf1d9188._.js:5816
[   18860ms] [LOG] [Fast Refresh] rebuilding @ http://localhost:3000/_next/static/chunks/node_modules_next_dist_client_cf1d9188._.js:5956
[   19541ms] [LOG] [Fast Refresh] done in 796ms @ http://localhost:3000/_next/static/chunks/node_modules_next_dist_client_cf1d9188._.js:5816
[   19652ms] [LOG] [Fast Refresh] rebuilding @ http://localhost:3000/_next/static/chunks/node_modules_next_dist_client_cf1d9188._.js:5956
[   19762ms] [LOG] [Fast Refresh] done in 217ms @ http://localhost:3000/_next/static/chunks/node_modules_next_dist_client_cf1d9188._.js:5816
[   19894ms] [LOG] [Fast Refresh] rebuilding @ http://localhost:3000/_next/static/chunks/node_modules_next_dist_client_cf1d9188._.js:5956
[   19895ms] [LOG] [Fast Refresh] done in 108ms @ http://localhost:3000/_next/static/chunks/node_modules_next_dist_client_cf1d9188._.js:5816
[   20007ms] [LOG] [Fast Refresh] rebuilding @ http://localhost:3000/_next/static/chunks/node_modules_next_dist_client_cf1d9188._.js:5956
[   20596ms] [LOG] [Fast Refresh] done in 698ms @ http://localhost:3000/_next/static/chunks/node_modules_next_dist_client_cf1d9188._.js:5816
[   20773ms] [LOG] [Fast Refresh] rebuilding @ http://localhost:3000/_next/static/chunks/node_modules_next_dist_client_cf1d9188._.js:5956
[   20822ms] [LOG] [Fast Refresh] done in 161ms @ http://localhost:3000/_next/static/chunks/node_modules_next_dist_client_cf1d9188._.js:5816
[   20926ms] [LOG] [Fast Refresh] rebuilding @ http://localhost:3000/_next/static/chunks/node_modules_next_dist_client_cf1d9188._.js:5956
[   20943ms] [LOG] [Fast Refresh] done in 118ms @ http://localhost:3000/_next/static/chunks/node_modules_next_dist_client_cf1d9188._.js:5816
[   21101ms] [LOG] [Fast Refresh] rebuilding @ http://localhost:3000/_next/static/chunks/node_modules_next_dist_client_cf1d9188._.js:5956
[   21138ms] [LOG] [Fast Refresh] done in 149ms @ http://localhost:3000/_next/static/chunks/node_modules_next_dist_client_cf1d9188._.js:5816
[   21242ms] [LOG] [Fast Refresh] rebuilding @ http://localhost:3000/_next/static/chunks/node_modules_next_dist_client_cf1d9188._.js:5956
[   21611ms] [LOG] [Fast Refresh] done in 470ms @ http://localhost:3000/_next/static/chunks/node_modules_next_dist_client_cf1d9188._.js:5816
[   21829ms] [LOG] [Fast Refresh] rebuilding @ http://localhost:3000/_next/static/chunks/node_modules_next_dist_client_cf1d9188._.js:5956
[   22311ms] [LOG] [Fast Refresh] done in 583ms @ http://localhost:3000/_next/static/chunks/node_modules_next_dist_client_cf1d9188._.js:5816
[   22556ms] [LOG] [Fast Refresh] rebuilding @ http://localhost:3000/_next/static/chunks/node_modules_next_dist_client_cf1d9188._.js:5956
[   22621ms] [LOG] [Fast Refresh] done in 165ms @ http://localhost:3000/_next/static/chunks/node_modules_next_dist_client_cf1d9188._.js:5816
[   24214ms] [LOG] [Fast Refresh] rebuilding @ http://localhost:3000/_next/static/chunks/node_modules_next_dist_client_cf1d9188._.js:5956
[   24875ms] [LOG] [Fast Refresh] done in 767ms @ http://localhost:3000/_next/static/chunks/node_modules_next_dist_client_cf1d9188._.js:5816
[   25149ms] [LOG] [Fast Refresh] rebuilding @ http://localhost:3000/_next/static/chunks/node_modules_next_dist_client_cf1d9188._.js:5956
[   25594ms] [LOG] [Fast Refresh] done in 548ms @ http://localhost:3000/_next/static/chunks/node_modules_next_dist_client_cf1d9188._.js:5816
[   25869ms] [LOG] [Fast Refresh] rebuilding @ http://localhost:3000/_next/static/chunks/node_modules_next_dist_client_cf1d9188._.js:5956
[   26766ms] [LOG] [Fast Refresh] done in 1013ms @ http://localhost:3000/_next/static/chunks/node_modules_next_dist_client_cf1d9188._.js:5816
[   26906ms] [LOG] [Fast Refresh] rebuilding @ http://localhost:3000/_next/static/chunks/node_modules_next_dist_client_cf1d9188._.js:5956
[   26929ms] [LOG] [Fast Refresh] done in 126ms @ http://localhost:3000/_next/static/chunks/node_modules_next_dist_client_cf1d9188._.js:5816
[   27119ms] [LOG] [Fast Refresh] rebuilding @ http://localhost:3000/_next/static/chunks/node_modules_next_dist_client_cf1d9188._.js:5956
[   27545ms] [LOG] [Fast Refresh] done in 533ms @ http://localhost:3000/_next/static/chunks/node_modules_next_dist_client_cf1d9188._.js:5816
[   27708ms] [LOG] [Fast Refresh] rebuilding @ http://localhost:3000/_next/static/chunks/node_modules_next_dist_client_cf1d9188._.js:5956
[   27762ms] [LOG] [Fast Refresh] done in 160ms @ http://localhost:3000/_next/static/chunks/node_modules_next_dist_client_cf1d9188._.js:5816
[   27870ms] [LOG] [Fast Refresh] rebuilding @ http://localhost:3000/_next/static/chunks/node_modules_next_dist_client_cf1d9188._.js:5956
[   28393ms] [LOG] [Fast Refresh] done in 631ms @ http://localhost:3000/_next/static/chunks/node_modules_next_dist_client_cf1d9188._.js:5816
[   28676ms] [LOG] [Fast Refresh] rebuilding @ http://localhost:3000/_next/static/chunks/node_modules_next_dist_client_cf1d9188._.js:5956
[   28842ms] [LOG] [Fast Refresh] done in 276ms @ http://localhost:3000/_next/static/chunks/node_modules_next_dist_client_cf1d9188._.js:5816
[   29392ms] [LOG] [Fast Refresh] rebuilding @ http://localhost:3000/_next/static/chunks/node_modules_next_dist_client_cf1d9188._.js:5956
[   29513ms] [LOG] [Fast Refresh] done in 226ms @ http://localhost:3000/_next/static/chunks/node_modules_next_dist_client_cf1d9188._.js:5816
[   29622ms] [LOG] [Fast Refresh] rebuilding @ http://localhost:3000/_next/static/chunks/node_modules_next_dist_client_cf1d9188._.js:5956
[   29643ms] [LOG] [Fast Refresh] done in 129ms @ http://localhost:3000/_next/static/chunks/node_modules_next_dist_client_cf1d9188._.js:5816
[   29751ms] [LOG] [Fast Refresh] rebuilding @ http://localhost:3000/_next/static/chunks/node_modules_next_dist_client_cf1d9188._.js:5956
[   30027ms] [LOG] [Fast Refresh] done in 382ms @ http://localhost:3000/_next/static/chunks/node_modules_next_dist_client_cf1d9188._.js:5816
[   30162ms] [LOG] [Fast Refresh] rebuilding @ http://localhost:3000/_next/static/chunks/node_modules_next_dist_client_cf1d9188._.js:5956
[   30191ms] [LOG] [Fast Refresh] done in 133ms @ http://localhost:3000/_next/static/chunks/node_modules_next_dist_client_cf1d9188._.js:5816
[   30295ms] [LOG] [Fast Refresh] rebuilding @ http://localhost:3000/_next/static/chunks/node_modules_next_dist_client_cf1d9188._.js:5956
[   30740ms] [LOG] [Fast Refresh] done in 546ms @ http://localhost:3000/_next/static/chunks/node_modules_next_dist_client_cf1d9188._.js:5816
[   31021ms] [LOG] [Fast Refresh] rebuilding @ http://localhost:3000/_next/static/chunks/node_modules_next_dist_client_cf1d9188._.js:5956
[   31442ms] [LOG] [Fast Refresh] done in 534ms @ http://localhost:3000/_next/static/chunks/node_modules_next_dist_client_cf1d9188._.js:5816
[   31725ms] [LOG] [Fast Refresh] rebuilding @ http://localhost:3000/_next/static/chunks/node_modules_next_dist_client_cf1d9188._.js:5956
[   32074ms] [LOG] [Fast Refresh] done in 450ms @ http://localhost:3000/_next/static/chunks/node_modules_next_dist_client_cf1d9188._.js:5816
[   32176ms] [LOG] [Fast Refresh] rebuilding @ http://localhost:3000/_next/static/chunks/node_modules_next_dist_client_cf1d9188._.js:5956
[   32183ms] [LOG] [Fast Refresh] done in 106ms @ http://localhost:3000/_next/static/chunks/node_modules_next_dist_client_cf1d9188._.js:5816
[   32289ms] [LOG] [Fast Refresh] rebuilding @ http://localhost:3000/_next/static/chunks/node_modules_next_dist_client_cf1d9188._.js:5956
[   32835ms] [LOG] [Fast Refresh] done in 650ms @ http://localhost:3000/_next/static/chunks/node_modules_next_dist_client_cf1d9188._.js:5816
[   32996ms] [LOG] [Fast Refresh] rebuilding @ http://localhost:3000/_next/static/chunks/node_modules_next_dist_client_cf1d9188._.js:5956
[   33019ms] [LOG] [Fast Refresh] done in 124ms @ http://localhost:3000/_next/static/chunks/node_modules_next_dist_client_cf1d9188._.js:5816
[   33136ms] [LOG] [Fast Refresh] rebuilding @ http://localhost:3000/_next/static/chunks/node_modules_next_dist_client_cf1d9188._.js:5956
[   33458ms] [LOG] [Fast Refresh] done in 438ms @ http://localhost:3000/_next/static/chunks/node_modules_next_dist_client_cf1d9188._.js:5816
[   34407ms] [LOG] [Fast Refresh] rebuilding @ http://localhost:3000/_next/static/chunks/node_modules_next_dist_client_cf1d9188._.js:5956
[   35102ms] [LOG] [Fast Refresh] done in 803ms @ http://localhost:3000/_next/static/chunks/node_modules_next_dist_client_cf1d9188._.js:5816
[   35211ms] [LOG] [Fast Refresh] rebuilding @ http://localhost:3000/_next/static/chunks/node_modules_next_dist_client_cf1d9188._.js:5956
[   35936ms] [LOG] [Fast Refresh] done in 830ms @ http://localhost:3000/_next/static/chunks/node_modules_next_dist_client_cf1d9188._.js:5816
[   36105ms] [LOG] [Fast Refresh] rebuilding @ http://localhost:3000/_next/static/chunks/node_modules_next_dist_client_cf1d9188._.js:5956
[   36210ms] [LOG] [Fast Refresh] done in 223ms @ http://localhost:3000/_next/static/chunks/node_modules_next_dist_client_cf1d9188._.js:5816
[   36434ms] [LOG] [Fast Refresh] rebuilding @ http://localhost:3000/_next/static/chunks/node_modules_next_dist_client_cf1d9188._.js:5956
[   37195ms] [LOG] [Fast Refresh] done in 868ms @ http://localhost:3000/_next/static/chunks/node_modules_next_dist_client_cf1d9188._.js:5816
[   37382ms] [LOG] [Fast Refresh] rebuilding @ http://localhost:3000/_next/static/chunks/node_modules_next_dist_client_cf1d9188._.js:5956
[   38070ms] [LOG] [Fast Refresh] done in 791ms @ http://localhost:3000/_next/static/chunks/node_modules_next_dist_client_cf1d9188._.js:5816
[   39146ms] [LOG] [Fast Refresh] rebuilding @ http://localhost:3000/_next/static/chunks/node_modules_next_dist_client_cf1d9188._.js:5956
[   39795ms] [LOG] [Fast Refresh] done in 750ms @ http://localhost:3000/_next/static/chunks/node_modules_next_dist_client_cf1d9188._.js:5816
[   39977ms] [LOG] [Fast Refresh] rebuilding @ http://localhost:3000/_next/static/chunks/node_modules_next_dist_client_cf1d9188._.js:5956
[   40076ms] [LOG] [Fast Refresh] done in 207ms @ http://localhost:3000/_next/static/chunks/node_modules_next_dist_client_cf1d9188._.js:5816
[   40183ms] [LOG] [Fast Refresh] rebuilding @ http://localhost:3000/_next/static/chunks/node_modules_next_dist_client_cf1d9188._.js:5956
[   40644ms] [LOG] [Fast Refresh] done in 567ms @ http://localhost:3000/_next/static/chunks/node_modules_next_dist_client_cf1d9188._.js:5816
[   40858ms] [LOG] [Fast Refresh] rebuilding @ http://localhost:3000/_next/static/chunks/node_modules_next_dist_client_cf1d9188._.js:5956
[   41245ms] [LOG] [Fast Refresh] done in 489ms @ http://localhost:3000/_next/static/chunks/node_modules_next_dist_client_cf1d9188._.js:5816
[   41490ms] [LOG] [Fast Refresh] rebuilding @ http://localhost:3000/_next/static/chunks/node_modules_next_dist_client_cf1d9188._.js:5956
[   41498ms] [LOG] [Fast Refresh] done in 108ms @ http://localhost:3000/_next/static/chunks/node_modules_next_dist_client_cf1d9188._.js:5816
[   42112ms] [LOG] [Fast Refresh] rebuilding @ http://localhost:3000/_next/static/chunks/node_modules_next_dist_client_cf1d9188._.js:5956
[   42613ms] [LOG] [Fast Refresh] done in 601ms @ http://localhost:3000/_next/static/chunks/node_modules_next_dist_client_cf1d9188._.js:5816
[   42893ms] [LOG] [Fast Refresh] rebuilding @ http://localhost:3000/_next/static/chunks/node_modules_next_dist_client_cf1d9188._.js:5956
[   43177ms] [LOG] [Fast Refresh] done in 396ms @ http://localhost:3000/_next/static/chunks/node_modules_next_dist_client_cf1d9188._.js:5816
[   43670ms] [LOG] [Fast Refresh] rebuilding @ http://localhost:3000/_next/static/chunks/node_modules_next_dist_client_cf1d9188._.js:5956
[   43674ms] [LOG] [Fast Refresh] done in 113ms @ http://localhost:3000/_next/static/chunks/node_modules_next_dist_client_cf1d9188._.js:5816
[   43777ms] [LOG] [Fast Refresh] rebuilding @ http://localhost:3000/_next/static/chunks/node_modules_next_dist_client_cf1d9188._.js:5956
[   44207ms] [LOG] [Fast Refresh] done in 532ms @ http://localhost:3000/_next/static/chunks/node_modules_next_dist_client_cf1d9188._.js:5816
[   44435ms] [LOG] [Fast Refresh] rebuilding @ http://localhost:3000/_next/static/chunks/node_modules_next_dist_client_cf1d9188._.js:5956
[   44917ms] [LOG] [Fast Refresh] done in 584ms @ http://localhost:3000/_next/static/chunks/node_modules_next_dist_client_cf1d9188._.js:5816
[   45842ms] [LOG] [Fast Refresh] rebuilding @ http://localhost:3000/_next/static/chunks/node_modules_next_dist_client_cf1d9188._.js:5956
[   45891ms] [LOG] [Fast Refresh] done in 151ms @ http://localhost:3000/_next/static/chunks/node_modules_next_dist_client_cf1d9188._.js:5816
[   46000ms] [LOG] [Fast Refresh] rebuilding @ http://localhost:3000/_next/static/chunks/node_modules_next_dist_client_cf1d9188._.js:5956
[   46462ms] [LOG] [Fast Refresh] done in 569ms @ http://localhost:3000/_next/static/chunks/node_modules_next_dist_client_cf1d9188._.js:5816
[   46594ms] [LOG] [Fast Refresh] rebuilding @ http://localhost:3000/_next/static/chunks/node_modules_next_dist_client_cf1d9188._.js:5956
[   46609ms] [LOG] [Fast Refresh] done in 116ms @ http://localhost:3000/_next/static/chunks/node_modules_next_dist_client_cf1d9188._.js:5816
[   46820ms] [LOG] [Fast Refresh] rebuilding @ http://localhost:3000/_next/static/chunks/node_modules_next_dist_client_cf1d9188._.js:5956
[   47250ms] [LOG] [Fast Refresh] done in 531ms @ http://localhost:3000/_next/static/chunks/node_modules_next_dist_client_cf1d9188._.js:5816
[   47383ms] [LOG] [Fast Refresh] rebuilding @ http://localhost:3000/_next/static/chunks/node_modules_next_dist_client_cf1d9188._.js:5956
[   48012ms] [LOG] [Fast Refresh] done in 742ms @ http://localhost:3000/_next/static/chunks/node_modules_next_dist_client_cf1d9188._.js:5816
[   48176ms] [LOG] [Fast Refresh] rebuilding @ http://localhost:3000/_next/static/chunks/node_modules_next_dist_client_cf1d9188._.js:5956
[   48638ms] [LOG] [Fast Refresh] done in 563ms @ http://localhost:3000/_next/static/chunks/node_modules_next_dist_client_cf1d9188._.js:5816
[   48784ms] [LOG] [Fast Refresh] rebuilding @ http://localhost:3000/_next/static/chunks/node_modules_next_dist_client_cf1d9188._.js:5956
[   48855ms] [LOG] [Fast Refresh] done in 175ms @ http://localhost:3000/_next/static/chunks/node_modules_next_dist_client_cf1d9188._.js:5816
[   49754ms] [LOG] [Fast Refresh] rebuilding @ http://localhost:3000/_next/static/chunks/node_modules_next_dist_client_cf1d9188._.js:5956
[   50016ms] [LOG] [Fast Refresh] done in 371ms @ http://localhost:3000/_next/static/chunks/node_modules_next_dist_client_cf1d9188._.js:5816
[   50314ms] [LOG] [Fast Refresh] rebuilding @ http://localhost:3000/_next/static/chunks/node_modules_next_dist_client_cf1d9188._.js:5956
[   51060ms] [LOG] [Fast Refresh] done in 855ms @ http://localhost:3000/_next/static/chunks/node_modules_next_dist_client_cf1d9188._.js:5816
[   51346ms] [LOG] [Fast Refresh] rebuilding @ http://localhost:3000/_next/static/chunks/node_modules_next_dist_client_cf1d9188._.js:5956
[   52052ms] [LOG] [Fast Refresh] done in 809ms @ http://localhost:3000/_next/static/chunks/node_modules_next_dist_client_cf1d9188._.js:5816
[   52438ms] [LOG] [Fast Refresh] rebuilding @ http://localhost:3000/_next/static/chunks/node_modules_next_dist_client_cf1d9188._.js:5956
[   52923ms] [LOG] [Fast Refresh] done in 589ms @ http://localhost:3000/_next/static/chunks/node_modules_next_dist_client_cf1d9188._.js:5816
[   53116ms] [LOG] [Fast Refresh] rebuilding @ http://localhost:3000/_next/static/chunks/node_modules_next_dist_client_cf1d9188._.js:5956
[   53629ms] [LOG] [Fast Refresh] done in 614ms @ http://localhost:3000/_next/static/chunks/node_modules_next_dist_client_cf1d9188._.js:5816
[   53874ms] [LOG] [Fast Refresh] rebuilding @ http://localhost:3000/_next/static/chunks/node_modules_next_dist_client_cf1d9188._.js:5956
[   54274ms] [LOG] [Fast Refresh] done in 502ms @ http://localhost:3000/_next/static/chunks/node_modules_next_dist_client_cf1d9188._.js:5816
[   54389ms] [LOG] [Fast Refresh] rebuilding @ http://localhost:3000/_next/static/chunks/node_modules_next_dist_client_cf1d9188._.js:5956
[   54434ms] [LOG] [Fast Refresh] done in 150ms @ http://localhost:3000/_next/static/chunks/node_modules_next_dist_client_cf1d9188._.js:5816
[   54542ms] [LOG] [Fast Refresh] rebuilding @ http://localhost:3000/_next/static/chunks/node_modules_next_dist_client_cf1d9188._.js:5956
[   54983ms] [LOG] [Fast Refresh] done in 548ms @ http://localhost:3000/_next/static/chunks/node_modules_next_dist_client_cf1d9188._.js:5816
[   55087ms] [LOG] [Fast Refresh] rebuilding @ http://localhost:3000/_next/static/chunks/node_modules_next_dist_client_cf1d9188._.js:5956
[   55100ms] [LOG] [Fast Refresh] done in 113ms @ http://localhost:3000/_next/static/chunks/node_modules_next_dist_client_cf1d9188._.js:5816
[   55285ms] [LOG] [Fast Refresh] rebuilding @ http://localhost:3000/_next/static/chunks/node_modules_next_dist_client_cf1d9188._.js:5956
[   55660ms] [LOG] [Fast Refresh] done in 476ms @ http://localhost:3000/_next/static/chunks/node_modules_next_dist_client_cf1d9188._.js:5816
[   55831ms] [LOG] [Fast Refresh] rebuilding @ http://localhost:3000/_next/static/chunks/node_modules_next_dist_client_cf1d9188._.js:5956
[   56325ms] [LOG] [Fast Refresh] done in 596ms @ http://localhost:3000/_next/static/chunks/node_modules_next_dist_client_cf1d9188._.js:5816
[   56654ms] [LOG] [Fast Refresh] rebuilding @ http://localhost:3000/_next/static/chunks/node_modules_next_dist_client_cf1d9188._.js:5956
[   57010ms] [LOG] [Fast Refresh] done in 458ms @ http://localhost:3000/_next/static/chunks/node_modules_next_dist_client_cf1d9188._.js:5816
[   57790ms] [LOG] [Fast Refresh] rebuilding @ http://localhost:3000/_next/static/chunks/node_modules_next_dist_client_cf1d9188._.js:5956
[   58298ms] [LOG] [Fast Refresh] done in 617ms @ http://localhost:3000/_next/static/chunks/node_modules_next_dist_client_cf1d9188._.js:5816
[   58428ms] [LOG] [Fast Refresh] rebuilding @ http://localhost:3000/_next/static/chunks/node_modules_next_dist_client_cf1d9188._.js:5956
[   58467ms] [LOG] [Fast Refresh] done in 142ms @ http://localhost:3000/_next/static/chunks/node_modules_next_dist_client_cf1d9188._.js:5816
[   58583ms] [LOG] [Fast Refresh] rebuilding @ http://localhost:3000/_next/static/chunks/node_modules_next_dist_client_cf1d9188._.js:5956
[   58955ms] [LOG] [Fast Refresh] done in 487ms @ http://localhost:3000/_next/static/chunks/node_modules_next_dist_client_cf1d9188._.js:5816
[   59134ms] [LOG] [Fast Refresh] rebuilding @ http://localhost:3000/_next/static/chunks/node_modules_next_dist_client_cf1d9188._.js:5956
[   59569ms] [LOG] [Fast Refresh] done in 535ms @ http://localhost:3000/_next/static/chunks/node_modules_next_dist_client_cf1d9188._.js:5816
[   59865ms] [LOG] [Fast Refresh] rebuilding @ http://localhost:3000/_next/static/chunks/node_modules_next_dist_client_cf1d9188._.js:5956
[   60294ms] [LOG] [Fast Refresh] done in 535ms @ http://localhost:3000/_next/static/chunks/node_modules_next_dist_client_cf1d9188._.js:5816
[   60436ms] [LOG] [Fast Refresh] rebuilding @ http://localhost:3000/_next/static/chunks/node_modules_next_dist_client_cf1d9188._.js:5956
[   60660ms] [LOG] [Fast Refresh] done in 332ms @ http://localhost:3000/_next/static/chunks/node_modules_next_dist_client_cf1d9188._.js:5816
[   61543ms] [LOG] [Fast Refresh] rebuilding @ http://localhost:3000/_next/static/chunks/node_modules_next_dist_client_cf1d9188._.js:5956
[   61604ms] [LOG] [Fast Refresh] done in 171ms @ http://localhost:3000/_next/static/chunks/node_modules_next_dist_client_cf1d9188._.js:5816
[   61709ms] [LOG] [Fast Refresh] rebuilding @ http://localhost:3000/_next/static/chunks/node_modules_next_dist_client_cf1d9188._.js:5956
[   62330ms] [LOG] [Fast Refresh] done in 724ms @ http://localhost:3000/_next/static/chunks/node_modules_next_dist_client_cf1d9188._.js:5816
[   62610ms] [LOG] [Fast Refresh] rebuilding @ http://localhost:3000/_next/static/chunks/node_modules_next_dist_client_cf1d9188._.js:5956
[   62615ms] [LOG] [Fast Refresh] done in 110ms @ http://localhost:3000/_next/static/chunks/node_modules_next_dist_client_cf1d9188._.js:5816
[   63527ms] [LOG] [Fast Refresh] rebuilding @ http://localhost:3000/_next/static/chunks/node_modules_next_dist_client_cf1d9188._.js:5956
[   63945ms] [LOG] [Fast Refresh] done in 521ms @ http://localhost:3000/_next/static/chunks/node_modules_next_dist_client_cf1d9188._.js:5816
[   64072ms] [LOG] [Fast Refresh] rebuilding @ http://localhost:3000/_next/static/chunks/node_modules_next_dist_client_cf1d9188._.js:5956
[   64127ms] [LOG] [Fast Refresh] done in 156ms @ http://localhost:3000/_next/static/chunks/node_modules_next_dist_client_cf1d9188._.js:5816
[   64773ms] [LOG] [Fast Refresh] rebuilding @ http://localhost:3000/_next/static/chunks/node_modules_next_dist_client_cf1d9188._.js:5956
[   65238ms] [LOG] [Fast Refresh] done in 570ms @ http://localhost:3000/_next/static/chunks/node_modules_next_dist_client_cf1d9188._.js:5816
[   65343ms] [LOG] [Fast Refresh] rebuilding @ http://localhost:3000/_next/static/chunks/node_modules_next_dist_client_cf1d9188._.js:5956
[   65406ms] [LOG] [Fast Refresh] done in 167ms @ http://localhost:3000/_next/static/chunks/node_modules_next_dist_client_cf1d9188._.js:5816
[   65519ms] [LOG] [Fast Refresh] rebuilding @ http://localhost:3000/_next/static/chunks/node_modules_next_dist_client_cf1d9188._.js:5956
[   65959ms] [LOG] [Fast Refresh] done in 551ms @ http://localhost:3000/_next/static/chunks/node_modules_next_dist_client_cf1d9188._.js:5816
[   66136ms] [LOG] [Fast Refresh] rebuilding @ http://localhost:3000/_next/static/chunks/node_modules_next_dist_client_cf1d9188._.js:5956
[   66153ms] [LOG] [Fast Refresh] done in 117ms @ http://localhost:3000/_next/static/chunks/node_modules_next_dist_client_cf1d9188._.js:5816
[   66258ms] [LOG] [Fast Refresh] rebuilding @ http://localhost:3000/_next/static/chunks/node_modules_next_dist_client_cf1d9188._.js:5956
[   66616ms] [LOG] [Fast Refresh] done in 459ms @ http://localhost:3000/_next/static/chunks/node_modules_next_dist_client_cf1d9188._.js:5816
[   66750ms] [LOG] [Fast Refresh] rebuilding @ http://localhost:3000/_next/static/chunks/node_modules_next_dist_client_cf1d9188._.js:5956
[   67223ms] [LOG] [Fast Refresh] done in 576ms @ http://localhost:3000/_next/static/chunks/node_modules_next_dist_client_cf1d9188._.js:5816
[   67340ms] [LOG] [Fast Refresh] rebuilding @ http://localhost:3000/_next/static/chunks/node_modules_next_dist_client_cf1d9188._.js:5956
[   67367ms] [LOG] [Fast Refresh] done in 129ms @ http://localhost:3000/_next/static/chunks/node_modules_next_dist_client_cf1d9188._.js:5816
[   67483ms] [LOG] [Fast Refresh] rebuilding @ http://localhost:3000/_next/static/chunks/node_modules_next_dist_client_cf1d9188._.js:5956
[   67852ms] [LOG] [Fast Refresh] done in 482ms @ http://localhost:3000/_next/static/chunks/node_modules_next_dist_client_cf1d9188._.js:5816
[   68021ms] [LOG] [Fast Refresh] rebuilding @ http://localhost:3000/_next/static/chunks/node_modules_next_dist_client_cf1d9188._.js:5956
[   68452ms] [LOG] [Fast Refresh] done in 534ms @ http://localhost:3000/_next/static/chunks/node_modules_next_dist_client_cf1d9188._.js:5816
[   68720ms] [LOG] [Fast Refresh] rebuilding @ http://localhost:3000/_next/static/chunks/node_modules_next_dist_client_cf1d9188._.js:5956
[   69135ms] [LOG] [Fast Refresh] done in 520ms @ http://localhost:3000/_next/static/chunks/node_modules_next_dist_client_cf1d9188._.js:5816
[   69268ms] [LOG] [Fast Refresh] rebuilding @ http://localhost:3000/_next/static/chunks/node_modules_next_dist_client_cf1d9188._.js:5956
[   69753ms] [LOG] [Fast Refresh] done in 586ms @ http://localhost:3000/_next/static/chunks/node_modules_next_dist_client_cf1d9188._.js:5816
[   70114ms] [LOG] [Fast Refresh] rebuilding @ http://localhost:3000/_next/static/chunks/node_modules_next_dist_client_cf1d9188._.js:5956
[   70884ms] [LOG] [Fast Refresh] done in 879ms @ http://localhost:3000/_next/static/chunks/node_modules_next_dist_client_cf1d9188._.js:5816
[   71022ms] [LOG] [Fast Refresh] rebuilding @ http://localhost:3000/_next/static/chunks/node_modules_next_dist_client_cf1d9188._.js:5956
[   71157ms] [LOG] [Fast Refresh] done in 241ms @ http://localhost:3000/_next/static/chunks/node_modules_next_dist_client_cf1d9188._.js:5816
[   71930ms] [LOG] [Fast Refresh] rebuilding @ http://localhost:3000/_next/static/chunks/node_modules_next_dist_client_cf1d9188._.js:5956
[   72390ms] [LOG] [Fast Refresh] done in 570ms @ http://localhost:3000/_next/static/chunks/node_modules_next_dist_client_cf1d9188._.js:5816
[   72525ms] [LOG] [Fast Refresh] rebuilding @ http://localhost:3000/_next/static/chunks/node_modules_next_dist_client_cf1d9188._.js:5956
[   72542ms] [LOG] [Fast Refresh] done in 118ms @ http://localhost:3000/_next/static/chunks/node_modules_next_dist_client_cf1d9188._.js:5816
[   72648ms] [LOG] [Fast Refresh] rebuilding @ http://localhost:3000/_next/static/chunks/node_modules_next_dist_client_cf1d9188._.js:5956
[   73220ms] [LOG] [Fast Refresh] done in 675ms @ http://localhost:3000/_next/static/chunks/node_modules_next_dist_client_cf1d9188._.js:5816
[   73496ms] [LOG] [Fast Refresh] rebuilding @ http://localhost:3000/_next/static/chunks/node_modules_next_dist_client_cf1d9188._.js:5956
[   73547ms] [LOG] [Fast Refresh] done in 163ms @ http://localhost:3000/_next/static/chunks/node_modules_next_dist_client_cf1d9188._.js:5816
[   73665ms] [LOG] [Fast Refresh] rebuilding @ http://localhost:3000/_next/static/chunks/node_modules_next_dist_client_cf1d9188._.js:5956
[   74054ms] [LOG] [Fast Refresh] done in 501ms @ http://localhost:3000/_next/static/chunks/node_modules_next_dist_client_cf1d9188._.js:5816
[   74188ms] [LOG] [Fast Refresh] rebuilding @ http://localhost:3000/_next/static/chunks/node_modules_next_dist_client_cf1d9188._.js:5956
[   74238ms] [LOG] [Fast Refresh] done in 151ms @ http://localhost:3000/_next/static/chunks/node_modules_next_dist_client_cf1d9188._.js:5816
[   74467ms] [LOG] [Fast Refresh] rebuilding @ http://localhost:3000/_next/static/chunks/node_modules_next_dist_client_cf1d9188._.js:5956
[   75072ms] [LOG] [Fast Refresh] done in 708ms @ http://localhost:3000/_next/static/chunks/node_modules_next_dist_client_cf1d9188._.js:5816
[   75230ms] [LOG] [Fast Refresh] rebuilding @ http://localhost:3000/_next/static/chunks/node_modules_next_dist_client_cf1d9188._.js:5956
[   76290ms] [LOG] [Fast Refresh] done in 1173ms @ http://localhost:3000/_next/static/chunks/node_modules_next_dist_client_cf1d9188._.js:5816
[   76721ms] [LOG] [Fast Refresh] rebuilding @ http://localhost:3000/_next/static/chunks/node_modules_next_dist_client_cf1d9188._.js:5956
[   77424ms] [LOG] [Fast Refresh] done in 805ms @ http://localhost:3000/_next/static/chunks/node_modules_next_dist_client_cf1d9188._.js:5816
[   77548ms] [LOG] [Fast Refresh] rebuilding @ http://localhost:3000/_next/static/chunks/node_modules_next_dist_client_cf1d9188._.js:5956
[   77605ms] [LOG] [Fast Refresh] done in 171ms @ http://localhost:3000/_next/static/chunks/node_modules_next_dist_client_cf1d9188._.js:5816
[   77708ms] [LOG] [Fast Refresh] rebuilding @ http://localhost:3000/_next/static/chunks/node_modules_next_dist_client_cf1d9188._.js:5956
[   77808ms] [LOG] [Fast Refresh] done in 202ms @ http://localhost:3000/_next/static/chunks/node_modules_next_dist_client_cf1d9188._.js:5816
[   78508ms] [LOG] [Fast Refresh] rebuilding @ http://localhost:3000/_next/static/chunks/node_modules_next_dist_client_cf1d9188._.js:5956
[   79131ms] [LOG] [Fast Refresh] done in 730ms @ http://localhost:3000/_next/static/chunks/node_modules_next_dist_client_cf1d9188._.js:5816
[   79238ms] [LOG] [Fast Refresh] rebuilding @ http://localhost:3000/_next/static/chunks/node_modules_next_dist_client_cf1d9188._.js:5956
[   79373ms] [LOG] [Fast Refresh] done in 241ms @ http://localhost:3000/_next/static/chunks/node_modules_next_dist_client_cf1d9188._.js:5816
[   80172ms] [LOG] [Fast Refresh] rebuilding @ http://localhost:3000/_next/static/chunks/node_modules_next_dist_client_cf1d9188._.js:5956
[   80822ms] [LOG] [Fast Refresh] done in 751ms @ http://localhost:3000/_next/static/chunks/node_modules_next_dist_client_cf1d9188._.js:5816
[   81088ms] [LOG] [Fast Refresh] rebuilding @ http://localhost:3000/_next/static/chunks/node_modules_next_dist_client_cf1d9188._.js:5956
[   81696ms] [LOG] [Fast Refresh] done in 720ms @ http://localhost:3000/_next/static/chunks/node_modules_next_dist_client_cf1d9188._.js:5816
[   81942ms] [LOG] [Fast Refresh] rebuilding @ http://localhost:3000/_next/static/chunks/node_modules_next_dist_client_cf1d9188._.js:5956
[   81991ms] [LOG] [Fast Refresh] done in 149ms @ http://localhost:3000/_next/static/chunks/node_modules_next_dist_client_cf1d9188._.js:5816
[   82095ms] [LOG] [Fast Refresh] rebuilding @ http://localhost:3000/_next/static/chunks/node_modules_next_dist_client_cf1d9188._.js:5956
[   82643ms] [LOG] [Fast Refresh] done in 649ms @ http://localhost:3000/_next/static/chunks/node_modules_next_dist_client_cf1d9188._.js:5816
[   82781ms] [LOG] [Fast Refresh] rebuilding @ http://localhost:3000/_next/static/chunks/node_modules_next_dist_client_cf1d9188._.js:5956
[   83402ms] [LOG] [Fast Refresh] done in 721ms @ http://localhost:3000/_next/static/chunks/node_modules_next_dist_client_cf1d9188._.js:5816
[   83609ms] [LOG] [Fast Refresh] rebuilding @ http://localhost:3000/_next/static/chunks/node_modules_next_dist_client_cf1d9188._.js:5956
[   83624ms] [LOG] [Fast Refresh] done in 117ms @ http://localhost:3000/_next/static/chunks/node_modules_next_dist_client_cf1d9188._.js:5816
[   83734ms] [LOG] [Fast Refresh] rebuilding @ http://localhost:3000/_next/static/chunks/node_modules_next_dist_client_cf1d9188._.js:5956
[   84204ms] [LOG] [Fast Refresh] done in 576ms @ http://localhost:3000/_next/static/chunks/node_modules_next_dist_client_cf1d9188._.js:5816
[   84407ms] [LOG] [Fast Refresh] rebuilding @ http://localhost:3000/_next/static/chunks/node_modules_next_dist_client_cf1d9188._.js:5956
[   84836ms] [LOG] [Fast Refresh] done in 543ms @ http://localhost:3000/_next/static/chunks/node_modules_next_dist_client_cf1d9188._.js:5816
[   85122ms] [LOG] [Fast Refresh] rebuilding @ http://localhost:3000/_next/static/chunks/node_modules_next_dist_client_cf1d9188._.js:5956
[   85147ms] [LOG] [Fast Refresh] done in 128ms @ http://localhost:3000/_next/static/chunks/node_modules_next_dist_client_cf1d9188._.js:5816
[   85254ms] [LOG] [Fast Refresh] rebuilding @ http://localhost:3000/_next/static/chunks/node_modules_next_dist_client_cf1d9188._.js:5956
[   85981ms] [LOG] [Fast Refresh] done in 830ms @ http://localhost:3000/_next/static/chunks/node_modules_next_dist_client_cf1d9188._.js:5816
[   86212ms] [LOG] [Fast Refresh] rebuilding @ http://localhost:3000/_next/static/chunks/node_modules_next_dist_client_cf1d9188._.js:5956
[   86710ms] [LOG] [Fast Refresh] done in 611ms @ http://localhost:3000/_next/static/chunks/node_modules_next_dist_client_cf1d9188._.js:5816
[   86883ms] [LOG] [Fast Refresh] rebuilding @ http://localhost:3000/_next/static/chunks/node_modules_next_dist_client_cf1d9188._.js:5956
[   87293ms] [LOG] [Fast Refresh] done in 520ms @ http://localhost:3000/_next/static/chunks/node_modules_next_dist_client_cf1d9188._.js:5816
[   87600ms] [LOG] [Fast Refresh] rebuilding @ http://localhost:3000/_next/static/chunks/node_modules_next_dist_client_cf1d9188._.js:5956
[   87741ms] [LOG] [Fast Refresh] done in 243ms @ http://localhost:3000/_next/static/chunks/node_modules_next_dist_client_cf1d9188._.js:5816
[   88769ms] [LOG] [Fast Refresh] rebuilding @ http://localhost:3000/_next/static/chunks/node_modules_next_dist_client_cf1d9188._.js:5956
[   89573ms] [LOG] [Fast Refresh] done in 906ms @ http://localhost:3000/_next/static/chunks/node_modules_next_dist_client_cf1d9188._.js:5816
[   89786ms] [LOG] [Fast Refresh] rebuilding @ http://localhost:3000/_next/static/chunks/node_modules_next_dist_client_cf1d9188._.js:5956
[   89836ms] [LOG] [Fast Refresh] done in 151ms @ http://localhost:3000/_next/static/chunks/node_modules_next_dist_client_cf1d9188._.js:5816
[   90522ms] [LOG] [Fast Refresh] rebuilding @ http://localhost:3000/_next/static/chunks/node_modules_next_dist_client_cf1d9188._.js:5956
[   90965ms] [LOG] [Fast Refresh] done in 545ms @ http://localhost:3000/_next/static/chunks/node_modules_next_dist_client_cf1d9188._.js:5816
[   91069ms] [LOG] [Fast Refresh] rebuilding @ http://localhost:3000/_next/static/chunks/node_modules_next_dist_client_cf1d9188._.js:5956
[   91079ms] [LOG] [Fast Refresh] done in 112ms @ http://localhost:3000/_next/static/chunks/node_modules_next_dist_client_cf1d9188._.js:5816
[   91191ms] [LOG] [Fast Refresh] rebuilding @ http://localhost:3000/_next/static/chunks/node_modules_next_dist_client_cf1d9188._.js:5956
[   91205ms] [LOG] [Fast Refresh] done in 125ms @ http://localhost:3000/_next/static/chunks/node_modules_next_dist_client_cf1d9188._.js:5816
[   91340ms] [LOG] [Fast Refresh] rebuilding @ http://localhost:3000/_next/static/chunks/node_modules_next_dist_client_cf1d9188._.js:5956
[   91764ms] [LOG] [Fast Refresh] done in 535ms @ http://localhost:3000/_next/static/chunks/node_modules_next_dist_client_cf1d9188._.js:5816
[   92205ms] [LOG] [Fast Refresh] rebuilding @ http://localhost:3000/_next/static/chunks/node_modules_next_dist_client_cf1d9188._.js:5956
[   92760ms] [LOG] [Fast Refresh] done in 657ms @ http://localhost:3000/_next/static/chunks/node_modules_next_dist_client_cf1d9188._.js:5816
[   93052ms] [LOG] [Fast Refresh] rebuilding @ http://localhost:3000/_next/static/chunks/node_modules_next_dist_client_cf1d9188._.js:5956
[   93588ms] [LOG] [Fast Refresh] done in 637ms @ http://localhost:3000/_next/static/chunks/node_modules_next_dist_client_cf1d9188._.js:5816
[   93803ms] [LOG] [Fast Refresh] rebuilding @ http://localhost:3000/_next/static/chunks/node_modules_next_dist_client_cf1d9188._.js:5956
[   93812ms] [LOG] [Fast Refresh] done in 123ms @ http://localhost:3000/_next/static/chunks/node_modules_next_dist_client_cf1d9188._.js:5816
[   93918ms] [LOG] [Fast Refresh] rebuilding @ http://localhost:3000/_next/static/chunks/node_modules_next_dist_client_cf1d9188._.js:5956
[   94621ms] [LOG] [Fast Refresh] done in 806ms @ http://localhost:3000/_next/static/chunks/node_modules_next_dist_client_cf1d9188._.js:5816
[   94792ms] [LOG] [Fast Refresh] rebuilding @ http://localhost:3000/_next/static/chunks/node_modules_next_dist_client_cf1d9188._.js:5956
[   94814ms] [LOG] [Fast Refresh] done in 128ms @ http://localhost:3000/_next/static/chunks/node_modules_next_dist_client_cf1d9188._.js:5816
[   95019ms] [LOG] [Fast Refresh] rebuilding @ http://localhost:3000/_next/static/chunks/node_modules_next_dist_client_cf1d9188._.js:5956
[   95424ms] [LOG] [Fast Refresh] done in 507ms @ http://localhost:3000/_next/static/chunks/node_modules_next_dist_client_cf1d9188._.js:5816
[   95667ms] [LOG] [Fast Refresh] rebuilding @ http://localhost:3000/_next/static/chunks/node_modules_next_dist_client_cf1d9188._.js:5956
[   95720ms] [LOG] [Fast Refresh] done in 154ms @ http://localhost:3000/_next/static/chunks/node_modules_next_dist_client_cf1d9188._.js:5816
[   96458ms] [LOG] [Fast Refresh] rebuilding @ http://localhost:3000/_next/static/chunks/node_modules_next_dist_client_cf1d9188._.js:5956
[   96484ms] [LOG] [Fast Refresh] done in 127ms @ http://localhost:3000/_next/static/chunks/node_modules_next_dist_client_cf1d9188._.js:5816
[   96687ms] [LOG] [Fast Refresh] rebuilding @ http://localhost:3000/_next/static/chunks/node_modules_next_dist_client_cf1d9188._.js:5956
[   97448ms] [LOG] [Fast Refresh] done in 865ms @ http://localhost:3000/_next/static/chunks/node_modules_next_dist_client_cf1d9188._.js:5816
[   97565ms] [LOG] [Fast Refresh] rebuilding @ http://localhost:3000/_next/static/chunks/node_modules_next_dist_client_cf1d9188._.js:5956
[   97570ms] [LOG] [Fast Refresh] done in 113ms @ http://localhost:3000/_next/static/chunks/node_modules_next_dist_client_cf1d9188._.js:5816
[   97700ms] [LOG] [Fast Refresh] rebuilding @ http://localhost:3000/_next/static/chunks/node_modules_next_dist_client_cf1d9188._.js:5956
[   97762ms] [LOG] [Fast Refresh] done in 174ms @ http://localhost:3000/_next/static/chunks/node_modules_next_dist_client_cf1d9188._.js:5816
[   97867ms] [LOG] [Fast Refresh] rebuilding @ http://localhost:3000/_next/static/chunks/node_modules_next_dist_client_cf1d9188._.js:5956
[   98512ms] [LOG] [Fast Refresh] done in 748ms @ http://localhost:3000/_next/static/chunks/node_modules_next_dist_client_cf1d9188._.js:5816
[   98769ms] [LOG] [Fast Refresh] rebuilding @ http://localhost:3000/_next/static/chunks/node_modules_next_dist_client_cf1d9188._.js:5956
[   99068ms] [LOG] [Fast Refresh] done in 405ms @ http://localhost:3000/_next/static/chunks/node_modules_next_dist_client_cf1d9188._.js:5816
[  100655ms] [LOG] [Fast Refresh] rebuilding @ http://localhost:3000/_next/static/chunks/node_modules_next_dist_client_cf1d9188._.js:5956
[  101909ms] [LOG] [Fast Refresh] done in 1362ms @ http://localhost:3000/_next/static/chunks/node_modules_next_dist_client_cf1d9188._.js:5816
[  102178ms] [LOG] [Fast Refresh] rebuilding @ http://localhost:3000/_next/static/chunks/node_modules_next_dist_client_cf1d9188._.js:5956
[  102217ms] [LOG] [Fast Refresh] done in 139ms @ http://localhost:3000/_next/static/chunks/node_modules_next_dist_client_cf1d9188._.js:5816
[  102417ms] [LOG] [Fast Refresh] rebuilding @ http://localhost:3000/_next/static/chunks/node_modules_next_dist_client_cf1d9188._.js:5956
[  103613ms] [LOG] [Fast Refresh] done in 1299ms @ http://localhost:3000/_next/static/chunks/node_modules_next_dist_client_cf1d9188._.js:5816
[  103786ms] [LOG] [Fast Refresh] rebuilding @ http://localhost:3000/_next/static/chunks/node_modules_next_dist_client_cf1d9188._.js:5956
[  103828ms] [LOG] [Fast Refresh] done in 152ms @ http://localhost:3000/_next/static/chunks/node_modules_next_dist_client_cf1d9188._.js:5816
[  103950ms] [LOG] [Fast Refresh] rebuilding @ http://localhost:3000/_next/static/chunks/node_modules_next_dist_client_cf1d9188._.js:5956
[  104016ms] [LOG] [Fast Refresh] done in 184ms @ http://localhost:3000/_next/static/chunks/node_modules_next_dist_client_cf1d9188._.js:5816
[  104139ms] [LOG] [Fast Refresh] rebuilding @ http://localhost:3000/_next/static/chunks/node_modules_next_dist_client_cf1d9188._.js:5956
[  104227ms] [LOG] [Fast Refresh] done in 195ms @ http://localhost:3000/_next/static/chunks/node_modules_next_dist_client_cf1d9188._.js:5816
[  106458ms] [LOG] [Fast Refresh] rebuilding @ http://localhost:3000/_next/static/chunks/node_modules_next_dist_client_cf1d9188._.js:5956
[  106467ms] [LOG] [Fast Refresh] done in 111ms @ http://localhost:3000/_next/static/chunks/node_modules_next_dist_client_cf1d9188._.js:5816
[  106681ms] [LOG] [Fast Refresh] rebuilding @ http://localhost:3000/_next/static/chunks/node_modules_next_dist_client_cf1d9188._.js:5956
[  108253ms] [LOG] [Fast Refresh] done in 1683ms @ http://localhost:3000/_next/static/chunks/node_modules_next_dist_client_cf1d9188._.js:5816
[  108468ms] [LOG] [Fast Refresh] rebuilding @ http://localhost:3000/_next/static/chunks/node_modules_next_dist_client_cf1d9188._.js:5956
[  108484ms] [LOG] [Fast Refresh] done in 119ms @ http://localhost:3000/_next/static/chunks/node_modules_next_dist_client_cf1d9188._.js:5816
[  108589ms] [LOG] [Fast Refresh] rebuilding @ http://localhost:3000/_next/static/chunks/node_modules_next_dist_client_cf1d9188._.js:5956
[  108612ms] [LOG] [Fast Refresh] done in 126ms @ http://localhost:3000/_next/static/chunks/node_modules_next_dist_client_cf1d9188._.js:5816
[  108719ms] [LOG] [Fast Refresh] rebuilding @ http://localhost:3000/_next/static/chunks/node_modules_next_dist_client_cf1d9188._.js:5956
[  109178ms] [LOG] [Fast Refresh] done in 559ms @ http://localhost:3000/_next/static/chunks/node_modules_next_dist_client_cf1d9188._.js:5816
[  114576ms] [LOG] [Fast Refresh] rebuilding @ http://localhost:3000/_next/static/chunks/node_modules_next_dist_client_cf1d9188._.js:5956
[  114593ms] [LOG] [Fast Refresh] done in 129ms @ http://localhost:3000/_next/static/chunks/node_modules_next_dist_client_cf1d9188._.js:5816
[  114722ms] [LOG] [Fast Refresh] rebuilding @ http://localhost:3000/_next/static/chunks/node_modules_next_dist_client_cf1d9188._.js:5956
[  114826ms] [LOG] [Fast Refresh] done in 215ms @ http://localhost:3000/_next/static/chunks/node_modules_next_dist_client_cf1d9188._.js:5816
[  117228ms] [LOG] [Fast Refresh] rebuilding @ http://localhost:3000/_next/static/chunks/node_modules_next_dist_client_cf1d9188._.js:5956
[  117235ms] [LOG] [Fast Refresh] done in 108ms @ http://localhost:3000/_next/static/chunks/node_modules_next_dist_client_cf1d9188._.js:5816
[  117370ms] [LOG] [Fast Refresh] rebuilding @ http://localhost:3000/_next/static/chunks/node_modules_next_dist_client_cf1d9188._.js:5956
[  117449ms] [LOG] [Fast Refresh] done in 191ms @ http://localhost:3000/_next/static/chunks/node_modules_next_dist_client_cf1d9188._.js:5816
[  117557ms] [LOG] [Fast Refresh] rebuilding @ http://localhost:3000/_next/static/chunks/node_modules_next_dist_client_cf1d9188._.js:5956
[  118784ms] [LOG] [Fast Refresh] done in 1329ms @ http://localhost:3000/_next/static/chunks/node_modules_next_dist_client_cf1d9188._.js:5816
[  118891ms] [LOG] [Fast Refresh] rebuilding @ http://localhost:3000/_next/static/chunks/node_modules_next_dist_client_cf1d9188._.js:5956
[  118934ms] [LOG] [Fast Refresh] done in 148ms @ http://localhost:3000/_next/static/chunks/node_modules_next_dist_client_cf1d9188._.js:5816
[  119050ms] [LOG] [Fast Refresh] rebuilding @ http://localhost:3000/_next/static/chunks/node_modules_next_dist_client_cf1d9188._.js:5956
[  119085ms] [LOG] [Fast Refresh] done in 138ms @ http://localhost:3000/_next/static/chunks/node_modules_next_dist_client_cf1d9188._.js:5816
[  121046ms] [LOG] [Fast Refresh] rebuilding @ http://localhost:3000/_next/static/chunks/node_modules_next_dist_client_cf1d9188._.js:5956
[  121075ms] [LOG] [Fast Refresh] done in 129ms @ http://localhost:3000/_next/static/chunks/node_modules_next_dist_client_cf1d9188._.js:5816
[  121184ms] [LOG] [Fast Refresh] rebuilding @ http://localhost:3000/_next/static/chunks/node_modules_next_dist_client_cf1d9188._.js:5956
[  121460ms] [LOG] [Fast Refresh] done in 383ms @ http://localhost:3000/_next/static/chunks/node_modules_next_dist_client_cf1d9188._.js:5816
[  122947ms] [LOG] [Fast Refresh] rebuilding @ http://localhost:3000/_next/static/chunks/node_modules_next_dist_client_cf1d9188._.js:5956
[  122958ms] [LOG] [Fast Refresh] done in 124ms @ http://localhost:3000/_next/static/chunks/node_modules_next_dist_client_cf1d9188._.js:5816
[  123340ms] [LOG] [Fast Refresh] rebuilding @ http://localhost:3000/_next/static/chunks/node_modules_next_dist_client_cf1d9188._.js:5956
[  123487ms] [LOG] [Fast Refresh] done in 267ms @ http://localhost:3000/_next/static/chunks/node_modules_next_dist_client_cf1d9188._.js:5816
[  124645ms] [LOG] [Fast Refresh] rebuilding @ http://localhost:3000/_next/static/chunks/node_modules_next_dist_client_cf1d9188._.js:5956
[  124664ms] [LOG] [Fast Refresh] done in 120ms @ http://localhost:3000/_next/static/chunks/node_modules_next_dist_client_cf1d9188._.js:5816
[  126365ms] [LOG] [Fast Refresh] rebuilding @ http://localhost:3000/_next/static/chunks/node_modules_next_dist_client_cf1d9188._.js:5956
[  126377ms] [LOG] [Fast Refresh] done in 115ms @ http://localhost:3000/_next/static/chunks/node_modules_next_dist_client_cf1d9188._.js:5816
[  126636ms] [LOG] [Fast Refresh] rebuilding @ http://localhost:3000/_next/static/chunks/node_modules_next_dist_client_cf1d9188._.js:5956
[  126671ms] [LOG] [Fast Refresh] done in 151ms @ http://localhost:3000/_next/static/chunks/node_modules_next_dist_client_cf1d9188._.js:5816
[  126786ms] [LOG] [Fast Refresh] rebuilding @ http://localhost:3000/_next/static/chunks/node_modules_next_dist_client_cf1d9188._.js:5956
[  127781ms] [LOG] [Fast Refresh] done in 1108ms @ http://localhost:3000/_next/static/chunks/node_modules_next_dist_client_cf1d9188._.js:5816
[  128012ms] [LOG] [Fast Refresh] rebuilding @ http://localhost:3000/_next/static/chunks/node_modules_next_dist_client_cf1d9188._.js:5956
[  128204ms] [LOG] [Fast Refresh] done in 302ms @ http://localhost:3000/_next/static/chunks/node_modules_next_dist_client_cf1d9188._.js:5816
[  128316ms] [LOG] [Fast Refresh] rebuilding @ http://localhost:3000/_next/static/chunks/node_modules_next_dist_client_cf1d9188._.js:5956
[  128330ms] [LOG] [Fast Refresh] done in 123ms @ http://localhost:3000/_next/static/chunks/node_modules_next_dist_client_cf1d9188._.js:5816
[  128537ms] [LOG] [Fast Refresh] rebuilding @ http://localhost:3000/_next/static/chunks/node_modules_next_dist_client_cf1d9188._.js:5956
[  128656ms] [LOG] [Fast Refresh] done in 226ms @ http://localhost:3000/_next/static/chunks/node_modules_next_dist_client_cf1d9188._.js:5816
[  130021ms] [LOG] [Fast Refresh] rebuilding @ http://localhost:3000/_next/static/chunks/node_modules_next_dist_client_cf1d9188._.js:5956
[  130023ms] [LOG] [Fast Refresh] done in 105ms @ http://localhost:3000/_next/static/chunks/node_modules_next_dist_client_cf1d9188._.js:5816
[  130138ms] [LOG] [Fast Refresh] rebuilding @ http://localhost:3000/_next/static/chunks/node_modules_next_dist_client_cf1d9188._.js:5956
[  130249ms] [LOG] [Fast Refresh] done in 224ms @ http://localhost:3000/_next/static/chunks/node_modules_next_dist_client_cf1d9188._.js:5816
[  132537ms] [LOG] [Fast Refresh] rebuilding @ http://localhost:3000/_next/static/chunks/node_modules_next_dist_client_cf1d9188._.js:5956
[  132598ms] [LOG] [Fast Refresh] done in 169ms @ http://localhost:3000/_next/static/chunks/node_modules_next_dist_client_cf1d9188._.js:5816
[  132854ms] [LOG] [Fast Refresh] rebuilding @ http://localhost:3000/_next/static/chunks/node_modules_next_dist_client_cf1d9188._.js:5956
[  133887ms] [LOG] [Fast Refresh] done in 1137ms @ http://localhost:3000/_next/static/chunks/node_modules_next_dist_client_cf1d9188._.js:5816
[  134122ms] [LOG] [Fast Refresh] rebuilding @ http://localhost:3000/_next/static/chunks/node_modules_next_dist_client_cf1d9188._.js:5956
[  134777ms] [LOG] [Fast Refresh] done in 760ms @ http://localhost:3000/_next/static/chunks/node_modules_next_dist_client_cf1d9188._.js:5816
[  134983ms] [LOG] [Fast Refresh] rebuilding @ http://localhost:3000/_next/static/chunks/node_modules_next_dist_client_cf1d9188._.js:5956
[  135584ms] [LOG] [Fast Refresh] done in 710ms @ http://localhost:3000/_next/static/chunks/node_modules_next_dist_client_cf1d9188._.js:5816
[  135734ms] [LOG] [Fast Refresh] rebuilding @ http://localhost:3000/_next/static/chunks/node_modules_next_dist_client_cf1d9188._.js:5956
[  135936ms] [LOG] [Fast Refresh] done in 304ms @ http://localhost:3000/_next/static/chunks/node_modules_next_dist_client_cf1d9188._.js:5816
[  137049ms] [LOG] [Fast Refresh] rebuilding @ http://localhost:3000/_next/static/chunks/node_modules_next_dist_client_cf1d9188._.js:5956
[  137119ms] [LOG] [Fast Refresh] done in 172ms @ http://localhost:3000/_next/static/chunks/node_modules_next_dist_client_cf1d9188._.js:5816
[  137985ms] [LOG] [Fast Refresh] rebuilding @ http://localhost:3000/_next/static/chunks/node_modules_next_dist_client_cf1d9188._.js:5956
[  138203ms] [LOG] [Fast Refresh] done in 345ms @ http://localhost:3000/_next/static/chunks/node_modules_next_dist_client_cf1d9188._.js:5816
[  138376ms] [LOG] [Fast Refresh] rebuilding @ http://localhost:3000/_next/static/chunks/node_modules_next_dist_client_cf1d9188._.js:5956
[  139027ms] [LOG] [Fast Refresh] done in 754ms @ http://localhost:3000/_next/static/chunks/node_modules_next_dist_client_cf1d9188._.js:5816
[  139187ms] [LOG] [Fast Refresh] rebuilding @ http://localhost:3000/_next/static/chunks/node_modules_next_dist_client_cf1d9188._.js:5956
[  139193ms] [LOG] [Fast Refresh] done in 107ms @ http://localhost:3000/_next/static/chunks/node_modules_next_dist_client_cf1d9188._.js:5816
[  139333ms] [LOG] [Fast Refresh] rebuilding @ http://localhost:3000/_next/static/chunks/node_modules_next_dist_client_cf1d9188._.js:5956
[  139846ms] [LOG] [Fast Refresh] done in 618ms @ http://localhost:3000/_next/static/chunks/node_modules_next_dist_client_cf1d9188._.js:5816
[  140020ms] [LOG] [Fast Refresh] rebuilding @ http://localhost:3000/_next/static/chunks/node_modules_next_dist_client_cf1d9188._.js:5956
[  140180ms] [LOG] [Fast Refresh] done in 270ms @ http://localhost:3000/_next/static/chunks/node_modules_next_dist_client_cf1d9188._.js:5816
[  140866ms] [LOG] [Fast Refresh] rebuilding @ http://localhost:3000/_next/static/chunks/node_modules_next_dist_client_cf1d9188._.js:5956
[  140876ms] [LOG] [Fast Refresh] done in 121ms @ http://localhost:3000/_next/static/chunks/node_modules_next_dist_client_cf1d9188._.js:5816
[  141026ms] [LOG] [Fast Refresh] rebuilding @ http://localhost:3000/_next/static/chunks/node_modules_next_dist_client_cf1d9188._.js:5956
[  141072ms] [LOG] [Fast Refresh] done in 150ms @ http://localhost:3000/_next/static/chunks/node_modules_next_dist_client_cf1d9188._.js:5816
[  141178ms] [LOG] [Fast Refresh] rebuilding @ http://localhost:3000/_next/static/chunks/node_modules_next_dist_client_cf1d9188._.js:5956
[  141529ms] [LOG] [Fast Refresh] done in 454ms @ http://localhost:3000/_next/static/chunks/node_modules_next_dist_client_cf1d9188._.js:5816
[  142402ms] [LOG] [Fast Refresh] rebuilding @ http://localhost:3000/_next/static/chunks/node_modules_next_dist_client_cf1d9188._.js:5956
[  142892ms] [LOG] [Fast Refresh] done in 596ms @ http://localhost:3000/_next/static/chunks/node_modules_next_dist_client_cf1d9188._.js:5816
[  143053ms] [LOG] [Fast Refresh] rebuilding @ http://localhost:3000/_next/static/chunks/node_modules_next_dist_client_cf1d9188._.js:5956
[  143706ms] [LOG] [Fast Refresh] done in 762ms @ http://localhost:3000/_next/static/chunks/node_modules_next_dist_client_cf1d9188._.js:5816
[  144135ms] [LOG] [Fast Refresh] rebuilding @ http://localhost:3000/_next/static/chunks/node_modules_next_dist_client_cf1d9188._.js:5956
[  145066ms] [LOG] [Fast Refresh] done in 1031ms @ http://localhost:3000/_next/static/chunks/node_modules_next_dist_client_cf1d9188._.js:5816
[  145263ms] [LOG] [Fast Refresh] rebuilding @ http://localhost:3000/_next/static/chunks/node_modules_next_dist_client_cf1d9188._.js:5956
[  145268ms] [LOG] [Fast Refresh] done in 108ms @ http://localhost:3000/_next/static/chunks/node_modules_next_dist_client_cf1d9188._.js:5816
[  145556ms] [LOG] [Fast Refresh] rebuilding @ http://localhost:3000/_next/static/chunks/node_modules_next_dist_client_cf1d9188._.js:5956
[  146139ms] [LOG] [Fast Refresh] done in 693ms @ http://localhost:3000/_next/static/chunks/node_modules_next_dist_client_cf1d9188._.js:5816
[  146437ms] [LOG] [Fast Refresh] rebuilding @ http://localhost:3000/_next/static/chunks/node_modules_next_dist_client_cf1d9188._.js:5956
[  146863ms] [LOG] [Fast Refresh] done in 529ms @ http://localhost:3000/_next/static/chunks/node_modules_next_dist_client_cf1d9188._.js:5816
[  147104ms] [LOG] [Fast Refresh] rebuilding @ http://localhost:3000/_next/static/chunks/node_modules_next_dist_client_cf1d9188._.js:5956
[  147703ms] [LOG] [Fast Refresh] done in 701ms @ http://localhost:3000/_next/static/chunks/node_modules_next_dist_client_cf1d9188._.js:5816
[  147878ms] [LOG] [Fast Refresh] rebuilding @ http://localhost:3000/_next/static/chunks/node_modules_next_dist_client_cf1d9188._.js:5956
[  148623ms] [LOG] [Fast Refresh] done in 849ms @ http://localhost:3000/_next/static/chunks/node_modules_next_dist_client_cf1d9188._.js:5816
[  148875ms] [LOG] [Fast Refresh] rebuilding @ http://localhost:3000/_next/static/chunks/node_modules_next_dist_client_cf1d9188._.js:5956
[  148952ms] [LOG] [Fast Refresh] done in 182ms @ http://localhost:3000/_next/static/chunks/node_modules_next_dist_client_cf1d9188._.js:5816
[  149055ms] [LOG] [Fast Refresh] rebuilding @ http://localhost:3000/_next/static/chunks/node_modules_next_dist_client_cf1d9188._.js:5956
[  150244ms] [LOG] [Fast Refresh] done in 1292ms @ http://localhost:3000/_next/static/chunks/node_modules_next_dist_client_cf1d9188._.js:5816
[  150390ms] [LOG] [Fast Refresh] rebuilding @ http://localhost:3000/_next/static/chunks/node_modules_next_dist_client_cf1d9188._.js:5956
[  150394ms] [LOG] [Fast Refresh] done in 110ms @ http://localhost:3000/_next/static/chunks/node_modules_next_dist_client_cf1d9188._.js:5816
[  150507ms] [LOG] [Fast Refresh] rebuilding @ http://localhost:3000/_next/static/chunks/node_modules_next_dist_client_cf1d9188._.js:5956
[  150508ms] [LOG] [Fast Refresh] done in 111ms @ http://localhost:3000/_next/static/chunks/node_modules_next_dist_client_cf1d9188._.js:5816
[  150619ms] [LOG] [Fast Refresh] rebuilding @ http://localhost:3000/_next/static/chunks/node_modules_next_dist_client_cf1d9188._.js:5956
[  150735ms] [LOG] [Fast Refresh] done in 225ms @ http://localhost:3000/_next/static/chunks/node_modules_next_dist_client_cf1d9188._.js:5816
[  151580ms] [LOG] [Fast Refresh] rebuilding @ http://localhost:3000/_next/static/chunks/node_modules_next_dist_client_cf1d9188._.js:5956
[  151612ms] [LOG] [Fast Refresh] done in 147ms @ http://localhost:3000/_next/static/chunks/node_modules_next_dist_client_cf1d9188._.js:5816
[  151715ms] [LOG] [Fast Refresh] rebuilding @ http://localhost:3000/_next/static/chunks/node_modules_next_dist_client_cf1d9188._.js:5956
[  151967ms] [LOG] [Fast Refresh] done in 353ms @ http://localhost:3000/_next/static/chunks/node_modules_next_dist_client_cf1d9188._.js:5816
[  152195ms] [LOG] [Fast Refresh] rebuilding @ http://localhost:3000/_next/static/chunks/node_modules_next_dist_client_cf1d9188._.js:5956
[  152806ms] [LOG] [Fast Refresh] done in 722ms @ http://localhost:3000/_next/static/chunks/node_modules_next_dist_client_cf1d9188._.js:5816
[  153149ms] [LOG] [Fast Refresh] rebuilding @ http://localhost:3000/_next/static/chunks/node_modules_next_dist_client_cf1d9188._.js:5956
[  153739ms] [LOG] [Fast Refresh] done in 696ms @ http://localhost:3000/_next/static/chunks/node_modules_next_dist_client_cf1d9188._.js:5816
[  153966ms] [LOG] [Fast Refresh] rebuilding @ http://localhost:3000/_next/static/chunks/node_modules_next_dist_client_cf1d9188._.js:5956
[  154183ms] [LOG] [Fast Refresh] done in 323ms @ http://localhost:3000/_next/static/chunks/node_modules_next_dist_client_cf1d9188._.js:5816
[  155246ms] [LOG] [Fast Refresh] rebuilding @ http://localhost:3000/_next/static/chunks/node_modules_next_dist_client_cf1d9188._.js:5956
[  155286ms] [LOG] [Fast Refresh] done in 153ms @ http://localhost:3000/_next/static/chunks/node_modules_next_dist_client_cf1d9188._.js:5816
[  155391ms] [LOG] [Fast Refresh] rebuilding @ http://localhost:3000/_next/static/chunks/node_modules_next_dist_client_cf1d9188._.js:5956
[  156080ms] [LOG] [Fast Refresh] done in 789ms @ http://localhost:3000/_next/static/chunks/node_modules_next_dist_client_cf1d9188._.js:5816
[  156415ms] [LOG] [Fast Refresh] rebuilding @ http://localhost:3000/_next/static/chunks/node_modules_next_dist_client_cf1d9188._.js:5956
[  156542ms] [LOG] [Fast Refresh] done in 235ms @ http://localhost:3000/_next/static/chunks/node_modules_next_dist_client_cf1d9188._.js:5816
[  157599ms] [LOG] [Fast Refresh] rebuilding @ http://localhost:3000/_next/static/chunks/node_modules_next_dist_client_cf1d9188._.js:5956
[  157885ms] [LOG] [Fast Refresh] done in 396ms @ http://localhost:3000/_next/static/chunks/node_modules_next_dist_client_cf1d9188._.js:5816
[  159799ms] [LOG] [Fast Refresh] rebuilding @ http://localhost:3000/_next/static/chunks/node_modules_next_dist_client_cf1d9188._.js:5956
[  160917ms] [LOG] [Fast Refresh] done in 1233ms @ http://localhost:3000/_next/static/chunks/node_modules_next_dist_client_cf1d9188._.js:5816
[  161134ms] [LOG] [Fast Refresh] rebuilding @ http://localhost:3000/_next/static/chunks/node_modules_next_dist_client_cf1d9188._.js:5956
[  162093ms] [LOG] [Fast Refresh] done in 1064ms @ http://localhost:3000/_next/static/chunks/node_modules_next_dist_client_cf1d9188._.js:5816
[  162207ms] [LOG] [Fast Refresh] rebuilding @ http://localhost:3000/_next/static/chunks/node_modules_next_dist_client_cf1d9188._.js:5956
[  162211ms] [LOG] [Fast Refresh] done in 116ms @ http://localhost:3000/_next/static/chunks/node_modules_next_dist_client_cf1d9188._.js:5816
[  162324ms] [LOG] [Fast Refresh] rebuilding @ http://localhost:3000/_next/static/chunks/node_modules_next_dist_client_cf1d9188._.js:5956
[  162342ms] [LOG] [Fast Refresh] done in 128ms @ http://localhost:3000/_next/static/chunks/node_modules_next_dist_client_cf1d9188._.js:5816
[  162446ms] [LOG] [Fast Refresh] rebuilding @ http://localhost:3000/_next/static/chunks/node_modules_next_dist_client_cf1d9188._.js:5956
[  162528ms] [LOG] [Fast Refresh] done in 183ms @ http://localhost:3000/_next/static/chunks/node_modules_next_dist_client_cf1d9188._.js:5816
[  162633ms] [LOG] [Fast Refresh] rebuilding @ http://localhost:3000/_next/static/chunks/node_modules_next_dist_client_cf1d9188._.js:5956
[  163413ms] [LOG] [Fast Refresh] done in 883ms @ http://localhost:3000/_next/static/chunks/node_modules_next_dist_client_cf1d9188._.js:5816
[  163552ms] [LOG] [Fast Refresh] rebuilding @ http://localhost:3000/_next/static/chunks/node_modules_next_dist_client_cf1d9188._.js:5956
[  163555ms] [LOG] [Fast Refresh] done in 103ms @ http://localhost:3000/_next/static/chunks/node_modules_next_dist_client_cf1d9188._.js:5816
[  164485ms] [LOG] [Fast Refresh] rebuilding @ http://localhost:3000/_next/static/chunks/node_modules_next_dist_client_cf1d9188._.js:5956
[  164563ms] [LOG] [Fast Refresh] done in 180ms @ http://localhost:3000/_next/static/chunks/node_modules_next_dist_client_cf1d9188._.js:5816
[  164665ms] [LOG] [Fast Refresh] rebuilding @ http://localhost:3000/_next/static/chunks/node_modules_next_dist_client_cf1d9188._.js:5956
[  164739ms] [LOG] [Fast Refresh] done in 174ms @ http://localhost:3000/_next/static/chunks/node_modules_next_dist_client_cf1d9188._.js:5816
[  166508ms] [LOG] [Fast Refresh] rebuilding @ http://localhost:3000/_next/static/chunks/node_modules_next_dist_client_cf1d9188._.js:5956
[  166526ms] [LOG] [Fast Refresh] done in 119ms @ http://localhost:3000/_next/static/chunks/node_modules_next_dist_client_cf1d9188._.js:5816
[  166727ms] [LOG] [Fast Refresh] rebuilding @ http://localhost:3000/_next/static/chunks/node_modules_next_dist_client_cf1d9188._.js:5956
[  167281ms] [LOG] [Fast Refresh] done in 654ms @ http://localhost:3000/_next/static/chunks/node_modules_next_dist_client_cf1d9188._.js:5816
[  167567ms] [LOG] [Fast Refresh] rebuilding @ http://localhost:3000/_next/static/chunks/node_modules_next_dist_client_cf1d9188._.js:5956
[  168153ms] [LOG] [Fast Refresh] done in 687ms @ http://localhost:3000/_next/static/chunks/node_modules_next_dist_client_cf1d9188._.js:5816
[  168399ms] [LOG] [Fast Refresh] rebuilding @ http://localhost:3000/_next/static/chunks/node_modules_next_dist_client_cf1d9188._.js:5956
[  168460ms] [LOG] [Fast Refresh] done in 167ms @ http://localhost:3000/_next/static/chunks/node_modules_next_dist_client_cf1d9188._.js:5816
[  169098ms] [LOG] [Fast Refresh] rebuilding @ http://localhost:3000/_next/static/chunks/node_modules_next_dist_client_cf1d9188._.js:5956
[  169132ms] [LOG] [Fast Refresh] done in 147ms @ http://localhost:3000/_next/static/chunks/node_modules_next_dist_client_cf1d9188._.js:5816
[  169280ms] [LOG] [Fast Refresh] rebuilding @ http://localhost:3000/_next/static/chunks/node_modules_next_dist_client_cf1d9188._.js:5956
[  169337ms] [LOG] [Fast Refresh] done in 156ms @ http://localhost:3000/_next/static/chunks/node_modules_next_dist_client_cf1d9188._.js:5816
[  170107ms] [LOG] [Fast Refresh] rebuilding @ http://localhost:3000/_next/static/chunks/node_modules_next_dist_client_cf1d9188._.js:5956
[  170344ms] [LOG] [Fast Refresh] done in 338ms @ http://localhost:3000/_next/static/chunks/node_modules_next_dist_client_cf1d9188._.js:5816
[  170638ms] [LOG] [Fast Refresh] rebuilding @ http://localhost:3000/_next/static/chunks/node_modules_next_dist_client_cf1d9188._.js:5956
[  172733ms] [LOG] [Fast Refresh] done in 2216ms @ http://localhost:3000/_next/static/chunks/node_modules_next_dist_client_cf1d9188._.js:5816
[  173128ms] [LOG] [Fast Refresh] rebuilding @ http://localhost:3000/_next/static/chunks/node_modules_next_dist_client_cf1d9188._.js:5956
[  173877ms] [LOG] [Fast Refresh] done in 862ms @ http://localhost:3000/_next/static/chunks/node_modules_next_dist_client_cf1d9188._.js:5816
[  174211ms] [LOG] [Fast Refresh] rebuilding @ http://localhost:3000/_next/static/chunks/node_modules_next_dist_client_cf1d9188._.js:5956
[  174316ms] [LOG] [Fast Refresh] done in 205ms @ http://localhost:3000/_next/static/chunks/node_modules_next_dist_client_cf1d9188._.js:5816
[  174429ms] [LOG] [Fast Refresh] rebuilding @ http://localhost:3000/_next/static/chunks/node_modules_next_dist_client_cf1d9188._.js:5956
[  174953ms] [LOG] [Fast Refresh] done in 634ms @ http://localhost:3000/_next/static/chunks/node_modules_next_dist_client_cf1d9188._.js:5816
[  175238ms] [LOG] [Fast Refresh] rebuilding @ http://localhost:3000/_next/static/chunks/node_modules_next_dist_client_cf1d9188._.js:5956
[  175344ms] [LOG] [Fast Refresh] done in 214ms @ http://localhost:3000/_next/static/chunks/node_modules_next_dist_client_cf1d9188._.js:5816
[  175451ms] [LOG] [Fast Refresh] rebuilding @ http://localhost:3000/_next/static/chunks/node_modules_next_dist_client_cf1d9188._.js:5956
[  177272ms] [LOG] [Fast Refresh] done in 1926ms @ http://localhost:3000/_next/static/chunks/node_modules_next_dist_client_cf1d9188._.js:5816
[  177398ms] [LOG] [Fast Refresh] rebuilding @ http://localhost:3000/_next/static/chunks/node_modules_next_dist_client_cf1d9188._.js:5956
[  177461ms] [LOG] [Fast Refresh] done in 167ms @ http://localhost:3000/_next/static/chunks/node_modules_next_dist_client_cf1d9188._.js:5816
[  177622ms] [LOG] [Fast Refresh] rebuilding @ http://localhost:3000/_next/static/chunks/node_modules_next_dist_client_cf1d9188._.js:5956
[  177648ms] [LOG] [Fast Refresh] done in 130ms @ http://localhost:3000/_next/static/chunks/node_modules_next_dist_client_cf1d9188._.js:5816
[  177760ms] [LOG] [Fast Refresh] rebuilding @ http://localhost:3000/_next/static/chunks/node_modules_next_dist_client_cf1d9188._.js:5956
[  177800ms] [LOG] [Fast Refresh] done in 148ms @ http://localhost:3000/_next/static/chunks/node_modules_next_dist_client_cf1d9188._.js:5816
[  177992ms] [LOG] [Fast Refresh] rebuilding @ http://localhost:3000/_next/static/chunks/node_modules_next_dist_client_cf1d9188._.js:5956
[  178332ms] [LOG] [Fast Refresh] done in 441ms @ http://localhost:3000/_next/static/chunks/node_modules_next_dist_client_cf1d9188._.js:5816
[  179763ms] [LOG] [Fast Refresh] rebuilding @ http://localhost:3000/_next/static/chunks/node_modules_next_dist_client_cf1d9188._.js:5956
[  179781ms] [LOG] [Fast Refresh] done in 131ms @ http://localhost:3000/_next/static/chunks/node_modules_next_dist_client_cf1d9188._.js:5816
[  180053ms] [LOG] [Fast Refresh] rebuilding @ http://localhost:3000/_next/static/chunks/node_modules_next_dist_client_cf1d9188._.js:5956
[  180110ms] [LOG] [Fast Refresh] done in 172ms @ http://localhost:3000/_next/static/chunks/node_modules_next_dist_client_cf1d9188._.js:5816
[  180217ms] [LOG] [Fast Refresh] rebuilding @ http://localhost:3000/_next/static/chunks/node_modules_next_dist_client_cf1d9188._.js:5956
[  180424ms] [LOG] [Fast Refresh] done in 311ms @ http://localhost:3000/_next/static/chunks/node_modules_next_dist_client_cf1d9188._.js:5816
[  180546ms] [LOG] [Fast Refresh] rebuilding @ http://localhost:3000/_next/static/chunks/node_modules_next_dist_client_cf1d9188._.js:5956
[  181923ms] [LOG] [Fast Refresh] done in 1478ms @ http://localhost:3000/_next/static/chunks/node_modules_next_dist_client_cf1d9188._.js:5816
[  182125ms] [LOG] [Fast Refresh] rebuilding @ http://localhost:3000/_next/static/chunks/node_modules_next_dist_client_cf1d9188._.js:5956
[  183107ms] [LOG] [Fast Refresh] done in 1082ms @ http://localhost:3000/_next/static/chunks/node_modules_next_dist_client_cf1d9188._.js:5816
[  183333ms] [LOG] [Fast Refresh] rebuilding @ http://localhost:3000/_next/static/chunks/node_modules_next_dist_client_cf1d9188._.js:5956
[  183358ms] [LOG] [Fast Refresh] done in 133ms @ http://localhost:3000/_next/static/chunks/node_modules_next_dist_client_cf1d9188._.js:5816
[  183462ms] [LOG] [Fast Refresh] rebuilding @ http://localhost:3000/_next/static/chunks/node_modules_next_dist_client_cf1d9188._.js:5956
[  183516ms] [LOG] [Fast Refresh] done in 154ms @ http://localhost:3000/_next/static/chunks/node_modules_next_dist_client_cf1d9188._.js:5816
[  183624ms] [LOG] [Fast Refresh] rebuilding @ http://localhost:3000/_next/static/chunks/node_modules_next_dist_client_cf1d9188._.js:5956
[  184272ms] [LOG] [Fast Refresh] done in 751ms @ http://localhost:3000/_next/static/chunks/node_modules_next_dist_client_cf1d9188._.js:5816
[  184581ms] [LOG] [Fast Refresh] rebuilding @ http://localhost:3000/_next/static/chunks/node_modules_next_dist_client_cf1d9188._.js:5956
[  185192ms] [LOG] [Fast Refresh] done in 717ms @ http://localhost:3000/_next/static/chunks/node_modules_next_dist_client_cf1d9188._.js:5816
[  185443ms] [LOG] [Fast Refresh] rebuilding @ http://localhost:3000/_next/static/chunks/node_modules_next_dist_client_cf1d9188._.js:5956
[  185538ms] [LOG] [Fast Refresh] done in 195ms @ http://localhost:3000/_next/static/chunks/node_modules_next_dist_client_cf1d9188._.js:5816
[  186641ms] [LOG] [Fast Refresh] rebuilding @ http://localhost:3000/_next/static/chunks/node_modules_next_dist_client_cf1d9188._.js:5956
[  186762ms] [LOG] [Fast Refresh] done in 222ms @ http://localhost:3000/_next/static/chunks/node_modules_next_dist_client_cf1d9188._.js:5816
[  186874ms] [LOG] [Fast Refresh] rebuilding @ http://localhost:3000/_next/static/chunks/node_modules_next_dist_client_cf1d9188._.js:5956
[  187566ms] [LOG] [Fast Refresh] done in 794ms @ http://localhost:3000/_next/static/chunks/node_modules_next_dist_client_cf1d9188._.js:5816
[  187672ms] [LOG] [Fast Refresh] rebuilding @ http://localhost:3000/_next/static/chunks/node_modules_next_dist_client_cf1d9188._.js:5956
[  188576ms] [LOG] [Fast Refresh] done in 1008ms @ http://localhost:3000/_next/static/chunks/node_modules_next_dist_client_cf1d9188._.js:5816
[  188909ms] [LOG] [Fast Refresh] rebuilding @ http://localhost:3000/_next/static/chunks/node_modules_next_dist_client_cf1d9188._.js:5956
[  189456ms] [LOG] [Fast Refresh] done in 650ms @ http://localhost:3000/_next/static/chunks/node_modules_next_dist_client_cf1d9188._.js:5816
[  189765ms] [LOG] [Fast Refresh] rebuilding @ http://localhost:3000/_next/static/chunks/node_modules_next_dist_client_cf1d9188._.js:5956
[  189789ms] [LOG] [Fast Refresh] done in 133ms @ http://localhost:3000/_next/static/chunks/node_modules_next_dist_client_cf1d9188._.js:5816
[  189893ms] [LOG] [Fast Refresh] rebuilding @ http://localhost:3000/_next/static/chunks/node_modules_next_dist_client_cf1d9188._.js:5956
[  190477ms] [LOG] [Fast Refresh] done in 686ms @ http://localhost:3000/_next/static/chunks/node_modules_next_dist_client_cf1d9188._.js:5816
[  190616ms] [LOG] [Fast Refresh] rebuilding @ http://localhost:3000/_next/static/chunks/node_modules_next_dist_client_cf1d9188._.js:5956
[  190717ms] [LOG] [Fast Refresh] done in 201ms @ http://localhost:3000/_next/static/chunks/node_modules_next_dist_client_cf1d9188._.js:5816
[  190992ms] [LOG] [Fast Refresh] rebuilding @ http://localhost:3000/_next/static/chunks/node_modules_next_dist_client_cf1d9188._.js:5956
[  191990ms] [LOG] [Fast Refresh] done in 1103ms @ http://localhost:3000/_next/static/chunks/node_modules_next_dist_client_cf1d9188._.js:5816
[  192259ms] [LOG] [Fast Refresh] rebuilding @ http://localhost:3000/_next/static/chunks/node_modules_next_dist_client_cf1d9188._.js:5956
[  192575ms] [LOG] [Fast Refresh] done in 419ms @ http://localhost:3000/_next/static/chunks/node_modules_next_dist_client_cf1d9188._.js:5816
[  193516ms] [LOG] [Fast Refresh] rebuilding @ http://localhost:3000/_next/static/chunks/node_modules_next_dist_client_cf1d9188._.js:5956
[  193517ms] [LOG] [Fast Refresh] done in 102ms @ http://localhost:3000/_next/static/chunks/node_modules_next_dist_client_cf1d9188._.js:5816
[  193713ms] [LOG] [Fast Refresh] rebuilding @ http://localhost:3000/_next/static/chunks/node_modules_next_dist_client_cf1d9188._.js:5956
[  193759ms] [LOG] [Fast Refresh] done in 146ms @ http://localhost:3000/_next/static/chunks/node_modules_next_dist_client_cf1d9188._.js:5816
[  193864ms] [LOG] [Fast Refresh] rebuilding @ http://localhost:3000/_next/static/chunks/node_modules_next_dist_client_cf1d9188._.js:5956
[  194523ms] [LOG] [Fast Refresh] done in 762ms @ http://localhost:3000/_next/static/chunks/node_modules_next_dist_client_cf1d9188._.js:5816
[  194739ms] [LOG] [Fast Refresh] rebuilding @ http://localhost:3000/_next/static/chunks/node_modules_next_dist_client_cf1d9188._.js:5956
[  194799ms] [LOG] [Fast Refresh] done in 169ms @ http://localhost:3000/_next/static/chunks/node_modules_next_dist_client_cf1d9188._.js:5816
[  194907ms] [LOG] [Fast Refresh] rebuilding @ http://localhost:3000/_next/static/chunks/node_modules_next_dist_client_cf1d9188._.js:5956
[  194945ms] [LOG] [Fast Refresh] done in 138ms @ http://localhost:3000/_next/static/chunks/node_modules_next_dist_client_cf1d9188._.js:5816
[  195078ms] [LOG] [Fast Refresh] rebuilding @ http://localhost:3000/_next/static/chunks/node_modules_next_dist_client_cf1d9188._.js:5956
[  195244ms] [LOG] [Fast Refresh] done in 277ms @ http://localhost:3000/_next/static/chunks/node_modules_next_dist_client_cf1d9188._.js:5816
[  195473ms] [LOG] [Fast Refresh] rebuilding @ http://localhost:3000/_next/static/chunks/node_modules_next_dist_client_cf1d9188._.js:5956
[  195513ms] [LOG] [Fast Refresh] done in 148ms @ http://localhost:3000/_next/static/chunks/node_modules_next_dist_client_cf1d9188._.js:5816
[  195624ms] [LOG] [Fast Refresh] rebuilding @ http://localhost:3000/_next/static/chunks/node_modules_next_dist_client_cf1d9188._.js:5956
[  197136ms] [LOG] [Fast Refresh] done in 1621ms @ http://localhost:3000/_next/static/chunks/node_modules_next_dist_client_cf1d9188._.js:5816
[  197248ms] [LOG] [Fast Refresh] rebuilding @ http://localhost:3000/_next/static/chunks/node_modules_next_dist_client_cf1d9188._.js:5956
[  197279ms] [LOG] [Fast Refresh] done in 139ms @ http://localhost:3000/_next/static/chunks/node_modules_next_dist_client_cf1d9188._.js:5816
[  198365ms] [LOG] [Fast Refresh] rebuilding @ http://localhost:3000/_next/static/chunks/node_modules_next_dist_client_cf1d9188._.js:5956
[  199094ms] [LOG] [Fast Refresh] done in 834ms @ http://localhost:3000/_next/static/chunks/node_modules_next_dist_client_cf1d9188._.js:5816
[  199317ms] [LOG] [Fast Refresh] rebuilding @ http://localhost:3000/_next/static/chunks/node_modules_next_dist_client_cf1d9188._.js:5956
[  199350ms] [LOG] [Fast Refresh] done in 136ms @ http://localhost:3000/_next/static/chunks/node_modules_next_dist_client_cf1d9188._.js:5816
[  199456ms] [LOG] [Fast Refresh] rebuilding @ http://localhost:3000/_next/static/chunks/node_modules_next_dist_client_cf1d9188._.js:5956
[  200481ms] [LOG] [Fast Refresh] done in 1128ms @ http://localhost:3000/_next/static/chunks/node_modules_next_dist_client_cf1d9188._.js:5816
[  200698ms] [LOG] [Fast Refresh] rebuilding @ http://localhost:3000/_next/static/chunks/node_modules_next_dist_client_cf1d9188._.js:5956
[  200749ms] [LOG] [Fast Refresh] done in 151ms @ http://localhost:3000/_next/static/chunks/node_modules_next_dist_client_cf1d9188._.js:5816
[  200923ms] [LOG] [Fast Refresh] rebuilding @ http://localhost:3000/_next/static/chunks/node_modules_next_dist_client_cf1d9188._.js:5956
[  201523ms] [LOG] [Fast Refresh] done in 701ms @ http://localhost:3000/_next/static/chunks/node_modules_next_dist_client_cf1d9188._.js:5816
[  201782ms] [LOG] [Fast Refresh] rebuilding @ http://localhost:3000/_next/static/chunks/node_modules_next_dist_client_cf1d9188._.js:5956
[  202439ms] [LOG] [Fast Refresh] done in 759ms @ http://localhost:3000/_next/static/chunks/node_modules_next_dist_client_cf1d9188._.js:5816
[  202690ms] [LOG] [Fast Refresh] rebuilding @ http://localhost:3000/_next/static/chunks/node_modules_next_dist_client_cf1d9188._.js:5956
[  203062ms] [LOG] [Fast Refresh] done in 484ms @ http://localhost:3000/_next/static/chunks/node_modules_next_dist_client_cf1d9188._.js:5816
[  203305ms] [LOG] [Fast Refresh] rebuilding @ http://localhost:3000/_next/static/chunks/node_modules_next_dist_client_cf1d9188._.js:5956
[  203742ms] [LOG] [Fast Refresh] done in 552ms @ http://localhost:3000/_next/static/chunks/node_modules_next_dist_client_cf1d9188._.js:5816
[  203981ms] [LOG] [Fast Refresh] rebuilding @ http://localhost:3000/_next/static/chunks/node_modules_next_dist_client_cf1d9188._.js:5956
[  204492ms] [LOG] [Fast Refresh] done in 617ms @ http://localhost:3000/_next/static/chunks/node_modules_next_dist_client_cf1d9188._.js:5816
[  204597ms] [LOG] [Fast Refresh] rebuilding @ http://localhost:3000/_next/static/chunks/node_modules_next_dist_client_cf1d9188._.js:5956
[  204636ms] [LOG] [Fast Refresh] done in 140ms @ http://localhost:3000/_next/static/chunks/node_modules_next_dist_client_cf1d9188._.js:5816
[  204872ms] [LOG] [Fast Refresh] rebuilding @ http://localhost:3000/_next/static/chunks/node_modules_next_dist_client_cf1d9188._.js:5956
[  204898ms] [LOG] [Fast Refresh] done in 133ms @ http://localhost:3000/_next/static/chunks/node_modules_next_dist_client_cf1d9188._.js:5816
[  205014ms] [LOG] [Fast Refresh] rebuilding @ http://localhost:3000/_next/static/chunks/node_modules_next_dist_client_cf1d9188._.js:5956
[  205448ms] [LOG] [Fast Refresh] done in 543ms @ http://localhost:3000/_next/static/chunks/node_modules_next_dist_client_cf1d9188._.js:5816
[  205665ms] [LOG] [Fast Refresh] rebuilding @ http://localhost:3000/_next/static/chunks/node_modules_next_dist_client_cf1d9188._.js:5956
[  205739ms] [LOG] [Fast Refresh] done in 176ms @ http://localhost:3000/_next/static/chunks/node_modules_next_dist_client_cf1d9188._.js:5816
[  205843ms] [LOG] [Fast Refresh] rebuilding @ http://localhost:3000/_next/static/chunks/node_modules_next_dist_client_cf1d9188._.js:5956
[  206222ms] [LOG] [Fast Refresh] done in 479ms @ http://localhost:3000/_next/static/chunks/node_modules_next_dist_client_cf1d9188._.js:5816
[  206502ms] [LOG] [Fast Refresh] rebuilding @ http://localhost:3000/_next/static/chunks/node_modules_next_dist_client_cf1d9188._.js:5956
[  206914ms] [LOG] [Fast Refresh] done in 522ms @ http://localhost:3000/_next/static/chunks/node_modules_next_dist_client_cf1d9188._.js:5816
[  207048ms] [LOG] [Fast Refresh] rebuilding @ http://localhost:3000/_next/static/chunks/node_modules_next_dist_client_cf1d9188._.js:5956
[  207525ms] [LOG] [Fast Refresh] done in 588ms @ http://localhost:3000/_next/static/chunks/node_modules_next_dist_client_cf1d9188._.js:5816
[  207812ms] [LOG] [Fast Refresh] rebuilding @ http://localhost:3000/_next/static/chunks/node_modules_next_dist_client_cf1d9188._.js:5956
[  208208ms] [LOG] [Fast Refresh] done in 504ms @ http://localhost:3000/_next/static/chunks/node_modules_next_dist_client_cf1d9188._.js:5816
[  208332ms] [LOG] [Fast Refresh] rebuilding @ http://localhost:3000/_next/static/chunks/node_modules_next_dist_client_cf1d9188._.js:5956
[  208811ms] [LOG] [Fast Refresh] done in 581ms @ http://localhost:3000/_next/static/chunks/node_modules_next_dist_client_cf1d9188._.js:5816
[  209090ms] [LOG] [Fast Refresh] rebuilding @ http://localhost:3000/_next/static/chunks/node_modules_next_dist_client_cf1d9188._.js:5956
[  209515ms] [LOG] [Fast Refresh] done in 527ms @ http://localhost:3000/_next/static/chunks/node_modules_next_dist_client_cf1d9188._.js:5816
[  209669ms] [LOG] [Fast Refresh] rebuilding @ http://localhost:3000/_next/static/chunks/node_modules_next_dist_client_cf1d9188._.js:5956
[  210176ms] [LOG] [Fast Refresh] done in 610ms @ http://localhost:3000/_next/static/chunks/node_modules_next_dist_client_cf1d9188._.js:5816
[  210566ms] [LOG] [Fast Refresh] rebuilding @ http://localhost:3000/_next/static/chunks/node_modules_next_dist_client_cf1d9188._.js:5956
[  211057ms] [LOG] [Fast Refresh] done in 592ms @ http://localhost:3000/_next/static/chunks/node_modules_next_dist_client_cf1d9188._.js:5816
[  211393ms] [LOG] [Fast Refresh] rebuilding @ http://localhost:3000/_next/static/chunks/node_modules_next_dist_client_cf1d9188._.js:5956
[  211395ms] [LOG] [Fast Refresh] done in 107ms @ http://localhost:3000/_next/static/chunks/node_modules_next_dist_client_cf1d9188._.js:5816
[  211496ms] [LOG] [Fast Refresh] rebuilding @ http://localhost:3000/_next/static/chunks/node_modules_next_dist_client_cf1d9188._.js:5956
[  211539ms] [LOG] [Fast Refresh] done in 143ms @ http://localhost:3000/_next/static/chunks/node_modules_next_dist_client_cf1d9188._.js:5816
[  211650ms] [LOG] [Fast Refresh] rebuilding @ http://localhost:3000/_next/static/chunks/node_modules_next_dist_client_cf1d9188._.js:5956
[  211931ms] [LOG] [Fast Refresh] done in 390ms @ http://localhost:3000/_next/static/chunks/node_modules_next_dist_client_cf1d9188._.js:5816
[  212217ms] [LOG] [Fast Refresh] rebuilding @ http://localhost:3000/_next/static/chunks/node_modules_next_dist_client_cf1d9188._.js:5956
[  212560ms] [LOG] [Fast Refresh] done in 452ms @ http://localhost:3000/_next/static/chunks/node_modules_next_dist_client_cf1d9188._.js:5816
[  212763ms] [LOG] [Fast Refresh] rebuilding @ http://localhost:3000/_next/static/chunks/node_modules_next_dist_client_cf1d9188._.js:5956
[  212832ms] [LOG] [Fast Refresh] done in 175ms @ http://localhost:3000/_next/static/chunks/node_modules_next_dist_client_cf1d9188._.js:5816
[  213621ms] [LOG] [Fast Refresh] rebuilding @ http://localhost:3000/_next/static/chunks/node_modules_next_dist_client_cf1d9188._.js:5956
[  214074ms] [LOG] [Fast Refresh] done in 559ms @ http://localhost:3000/_next/static/chunks/node_modules_next_dist_client_cf1d9188._.js:5816
[  214424ms] [LOG] [Fast Refresh] rebuilding @ http://localhost:3000/_next/static/chunks/node_modules_next_dist_client_cf1d9188._.js:5956
[  214874ms] [LOG] [Fast Refresh] done in 562ms @ http://localhost:3000/_next/static/chunks/node_modules_next_dist_client_cf1d9188._.js:5816
[  215076ms] [LOG] [Fast Refresh] rebuilding @ http://localhost:3000/_next/static/chunks/node_modules_next_dist_client_cf1d9188._.js:5956
[  215086ms] [LOG] [Fast Refresh] done in 116ms @ http://localhost:3000/_next/static/chunks/node_modules_next_dist_client_cf1d9188._.js:5816
[  215189ms] [LOG] [Fast Refresh] rebuilding @ http://localhost:3000/_next/static/chunks/node_modules_next_dist_client_cf1d9188._.js:5956
[  215630ms] [LOG] [Fast Refresh] done in 543ms @ http://localhost:3000/_next/static/chunks/node_modules_next_dist_client_cf1d9188._.js:5816
[  215734ms] [LOG] [Fast Refresh] rebuilding @ http://localhost:3000/_next/static/chunks/node_modules_next_dist_client_cf1d9188._.js:5956
[  215813ms] [LOG] [Fast Refresh] done in 181ms @ http://localhost:3000/_next/static/chunks/node_modules_next_dist_client_cf1d9188._.js:5816
[  215958ms] [LOG] [Fast Refresh] rebuilding @ http://localhost:3000/_next/static/chunks/node_modules_next_dist_client_cf1d9188._.js:5956
[  216316ms] [LOG] [Fast Refresh] done in 461ms @ http://localhost:3000/_next/static/chunks/node_modules_next_dist_client_cf1d9188._.js:5816
[  216523ms] [LOG] [Fast Refresh] rebuilding @ http://localhost:3000/_next/static/chunks/node_modules_next_dist_client_cf1d9188._.js:5956
[  216563ms] [LOG] [Fast Refresh] done in 142ms @ http://localhost:3000/_next/static/chunks/node_modules_next_dist_client_cf1d9188._.js:5816
[  216672ms] [LOG] [Fast Refresh] rebuilding @ http://localhost:3000/_next/static/chunks/node_modules_next_dist_client_cf1d9188._.js:5956
[  217039ms] [LOG] [Fast Refresh] done in 474ms @ http://localhost:3000/_next/static/chunks/node_modules_next_dist_client_cf1d9188._.js:5816
[  217165ms] [LOG] [Fast Refresh] rebuilding @ http://localhost:3000/_next/static/chunks/node_modules_next_dist_client_cf1d9188._.js:5956
[  217260ms] [LOG] [Fast Refresh] done in 204ms @ http://localhost:3000/_next/static/chunks/node_modules_next_dist_client_cf1d9188._.js:5816
[  218003ms] [LOG] [Fast Refresh] rebuilding @ http://localhost:3000/_next/static/chunks/node_modules_next_dist_client_cf1d9188._.js:5956
[  218393ms] [LOG] [Fast Refresh] done in 495ms @ http://localhost:3000/_next/static/chunks/node_modules_next_dist_client_cf1d9188._.js:5816
[  218545ms] [LOG] [Fast Refresh] rebuilding @ http://localhost:3000/_next/static/chunks/node_modules_next_dist_client_cf1d9188._.js:5956
[  218557ms] [LOG] [Fast Refresh] done in 114ms @ http://localhost:3000/_next/static/chunks/node_modules_next_dist_client_cf1d9188._.js:5816
[  219188ms] [LOG] [Fast Refresh] rebuilding @ http://localhost:3000/_next/static/chunks/node_modules_next_dist_client_cf1d9188._.js:5956
[  219608ms] [LOG] [Fast Refresh] done in 524ms @ http://localhost:3000/_next/static/chunks/node_modules_next_dist_client_cf1d9188._.js:5816
[  219718ms] [LOG] [Fast Refresh] rebuilding @ http://localhost:3000/_next/static/chunks/node_modules_next_dist_client_cf1d9188._.js:5956
[  219940ms] [LOG] [Fast Refresh] done in 331ms @ http://localhost:3000/_next/static/chunks/node_modules_next_dist_client_cf1d9188._.js:5816
[  220582ms] [LOG] [Fast Refresh] rebuilding @ http://localhost:3000/_next/static/chunks/node_modules_next_dist_client_cf1d9188._.js:5956
[  220679ms] [LOG] [Fast Refresh] done in 210ms @ http://localhost:3000/_next/static/chunks/node_modules_next_dist_client_cf1d9188._.js:5816
[  221263ms] [LOG] [Fast Refresh] rebuilding @ http://localhost:3000/_next/static/chunks/node_modules_next_dist_client_cf1d9188._.js:5956
[  221313ms] [LOG] [Fast Refresh] done in 154ms @ http://localhost:3000/_next/static/chunks/node_modules_next_dist_client_cf1d9188._.js:5816
[  221897ms] [LOG] [Fast Refresh] rebuilding @ http://localhost:3000/_next/static/chunks/node_modules_next_dist_client_cf1d9188._.js:5956
[  221960ms] [LOG] [Fast Refresh] done in 162ms @ http://localhost:3000/_next/static/chunks/node_modules_next_dist_client_cf1d9188._.js:5816
[  222433ms] [LOG] [Fast Refresh] rebuilding @ http://localhost:3000/_next/static/chunks/node_modules_next_dist_client_cf1d9188._.js:5956
[  222542ms] [LOG] [Fast Refresh] done in 219ms @ http://localhost:3000/_next/static/chunks/node_modules_next_dist_client_cf1d9188._.js:5816
[  222654ms] [LOG] [Fast Refresh] rebuilding @ http://localhost:3000/_next/static/chunks/node_modules_next_dist_client_cf1d9188._.js:5956
[  223086ms] [LOG] [Fast Refresh] done in 543ms @ http://localhost:3000/_next/static/chunks/node_modules_next_dist_client_cf1d9188._.js:5816
[  223399ms] [LOG] [Fast Refresh] rebuilding @ http://localhost:3000/_next/static/chunks/node_modules_next_dist_client_cf1d9188._.js:5956
[  223519ms] [LOG] [Fast Refresh] done in 223ms @ http://localhost:3000/_next/static/chunks/node_modules_next_dist_client_cf1d9188._.js:5816
[  223993ms] [LOG] [Fast Refresh] rebuilding @ http://localhost:3000/_next/static/chunks/node_modules_next_dist_client_cf1d9188._.js:5956
[  224003ms] [LOG] [Fast Refresh] done in 114ms @ http://localhost:3000/_next/static/chunks/node_modules_next_dist_client_cf1d9188._.js:5816
[  224105ms] [LOG] [Fast Refresh] rebuilding @ http://localhost:3000/_next/static/chunks/node_modules_next_dist_client_cf1d9188._.js:5956
[  224606ms] [LOG] [Fast Refresh] done in 602ms @ http://localhost:3000/_next/static/chunks/node_modules_next_dist_client_cf1d9188._.js:5816
[  224710ms] [LOG] [Fast Refresh] rebuilding @ http://localhost:3000/_next/static/chunks/node_modules_next_dist_client_cf1d9188._.js:5956
[  224741ms] [LOG] [Fast Refresh] done in 132ms @ http://localhost:3000/_next/static/chunks/node_modules_next_dist_client_cf1d9188._.js:5816
[  224994ms] [LOG] [Fast Refresh] rebuilding @ http://localhost:3000/_next/static/chunks/node_modules_next_dist_client_cf1d9188._.js:5956
[  225437ms] [LOG] [Fast Refresh] done in 560ms @ http://localhost:3000/_next/static/chunks/node_modules_next_dist_client_cf1d9188._.js:5816
[  225677ms] [LOG] [Fast Refresh] rebuilding @ http://localhost:3000/_next/static/chunks/node_modules_next_dist_client_cf1d9188._.js:5956
[  225799ms] [LOG] [Fast Refresh] done in 227ms @ http://localhost:3000/_next/static/chunks/node_modules_next_dist_client_cf1d9188._.js:5816
[  226438ms] [LOG] [Fast Refresh] rebuilding @ http://localhost:3000/_next/static/chunks/node_modules_next_dist_client_cf1d9188._.js:5956
[  226819ms] [LOG] [Fast Refresh] done in 481ms @ http://localhost:3000/_next/static/chunks/node_modules_next_dist_client_cf1d9188._.js:5816
[  227101ms] [LOG] [Fast Refresh] rebuilding @ http://localhost:3000/_next/static/chunks/node_modules_next_dist_client_cf1d9188._.js:5956
[  227623ms] [LOG] [Fast Refresh] done in 632ms @ http://localhost:3000/_next/static/chunks/node_modules_next_dist_client_cf1d9188._.js:5816
[  228114ms] [LOG] [Fast Refresh] rebuilding @ http://localhost:3000/_next/static/chunks/node_modules_next_dist_client_cf1d9188._.js:5956
[  228569ms] [LOG] [Fast Refresh] done in 556ms @ http://localhost:3000/_next/static/chunks/node_modules_next_dist_client_cf1d9188._.js:5816
[  228749ms] [LOG] [Fast Refresh] rebuilding @ http://localhost:3000/_next/static/chunks/node_modules_next_dist_client_cf1d9188._.js:5956
[  229257ms] [LOG] [Fast Refresh] done in 607ms @ http://localhost:3000/_next/static/chunks/node_modules_next_dist_client_cf1d9188._.js:5816
[  229423ms] [LOG] [Fast Refresh] rebuilding @ http://localhost:3000/_next/static/chunks/node_modules_next_dist_client_cf1d9188._.js:5956
[  229587ms] [LOG] [Fast Refresh] done in 272ms @ http://localhost:3000/_next/static/chunks/node_modules_next_dist_client_cf1d9188._.js:5816
[  230365ms] [LOG] [Fast Refresh] rebuilding @ http://localhost:3000/_next/static/chunks/node_modules_next_dist_client_cf1d9188._.js:5956
[  230758ms] [LOG] [Fast Refresh] done in 494ms @ http://localhost:3000/_next/static/chunks/node_modules_next_dist_client_cf1d9188._.js:5816
[  230894ms] [LOG] [Fast Refresh] rebuilding @ http://localhost:3000/_next/static/chunks/node_modules_next_dist_client_cf1d9188._.js:5956
[  231398ms] [LOG] [Fast Refresh] done in 606ms @ http://localhost:3000/_next/static/chunks/node_modules_next_dist_client_cf1d9188._.js:5816
[  231606ms] [LOG] [Fast Refresh] rebuilding @ http://localhost:3000/_next/static/chunks/node_modules_next_dist_client_cf1d9188._.js:5956
[  232076ms] [LOG] [Fast Refresh] done in 573ms @ http://localhost:3000/_next/static/chunks/node_modules_next_dist_client_cf1d9188._.js:5816
[  232370ms] [LOG] [Fast Refresh] rebuilding @ http://localhost:3000/_next/static/chunks/node_modules_next_dist_client_cf1d9188._.js:5956
[  232409ms] [LOG] [Fast Refresh] done in 147ms @ http://localhost:3000/_next/static/chunks/node_modules_next_dist_client_cf1d9188._.js:5816
[  232513ms] [LOG] [Fast Refresh] rebuilding @ http://localhost:3000/_next/static/chunks/node_modules_next_dist_client_cf1d9188._.js:5956
[  233001ms] [LOG] [Fast Refresh] done in 589ms @ http://localhost:3000/_next/static/chunks/node_modules_next_dist_client_cf1d9188._.js:5816
[  233261ms] [LOG] [Fast Refresh] rebuilding @ http://localhost:3000/_next/static/chunks/node_modules_next_dist_client_cf1d9188._.js:5956
[  233782ms] [LOG] [Fast Refresh] done in 623ms @ http://localhost:3000/_next/static/chunks/node_modules_next_dist_client_cf1d9188._.js:5816
[  233940ms] [LOG] [Fast Refresh] rebuilding @ http://localhost:3000/_next/static/chunks/node_modules_next_dist_client_cf1d9188._.js:5956
[  233969ms] [LOG] [Fast Refresh] done in 130ms @ http://localhost:3000/_next/static/chunks/node_modules_next_dist_client_cf1d9188._.js:5816
[  234079ms] [LOG] [Fast Refresh] rebuilding @ http://localhost:3000/_next/static/chunks/node_modules_next_dist_client_cf1d9188._.js:5956
[  235083ms] [LOG] [Fast Refresh] done in 1110ms @ http://localhost:3000/_next/static/chunks/node_modules_next_dist_client_cf1d9188._.js:5816
[  235211ms] [LOG] [Fast Refresh] rebuilding @ http://localhost:3000/_next/static/chunks/node_modules_next_dist_client_cf1d9188._.js:5956
[  235440ms] [LOG] [Fast Refresh] done in 338ms @ http://localhost:3000/_next/static/chunks/node_modules_next_dist_client_cf1d9188._.js:5816
[  236788ms] [LOG] [Fast Refresh] rebuilding @ http://localhost:3000/_next/static/chunks/node_modules_next_dist_client_cf1d9188._.js:5956
[  236821ms] [LOG] [Fast Refresh] done in 137ms @ http://localhost:3000/_next/static/chunks/node_modules_next_dist_client_cf1d9188._.js:5816
[  237051ms] [LOG] [Fast Refresh] rebuilding @ http://localhost:3000/_next/static/chunks/node_modules_next_dist_client_cf1d9188._.js:5956
[  237194ms] [LOG] [Fast Refresh] done in 242ms @ http://localhost:3000/_next/static/chunks/node_modules_next_dist_client_cf1d9188._.js:5816
[  237933ms] [LOG] [Fast Refresh] rebuilding @ http://localhost:3000/_next/static/chunks/node_modules_next_dist_client_cf1d9188._.js:5956
[  237941ms] [LOG] [Fast Refresh] done in 117ms @ http://localhost:3000/_next/static/chunks/node_modules_next_dist_client_cf1d9188._.js:5816
[  238089ms] [LOG] [Fast Refresh] rebuilding @ http://localhost:3000/_next/static/chunks/node_modules_next_dist_client_cf1d9188._.js:5956
[  238554ms] [LOG] [Fast Refresh] done in 570ms @ http://localhost:3000/_next/static/chunks/node_modules_next_dist_client_cf1d9188._.js:5816
[  238662ms] [LOG] [Fast Refresh] rebuilding @ http://localhost:3000/_next/static/chunks/node_modules_next_dist_client_cf1d9188._.js:5956
[  238700ms] [LOG] [Fast Refresh] done in 141ms @ http://localhost:3000/_next/static/chunks/node_modules_next_dist_client_cf1d9188._.js:5816
[  239411ms] [LOG] [Fast Refresh] rebuilding @ http://localhost:3000/_next/static/chunks/node_modules_next_dist_client_cf1d9188._.js:5956
[  239536ms] [LOG] [Fast Refresh] done in 230ms @ http://localhost:3000/_next/static/chunks/node_modules_next_dist_client_cf1d9188._.js:5816
[  239735ms] [LOG] [Fast Refresh] rebuilding @ http://localhost:3000/_next/static/chunks/node_modules_next_dist_client_cf1d9188._.js:5956
[  240187ms] [LOG] [Fast Refresh] done in 552ms @ http://localhost:3000/_next/static/chunks/node_modules_next_dist_client_cf1d9188._.js:5816
[  240393ms] [LOG] [Fast Refresh] rebuilding @ http://localhost:3000/_next/static/chunks/node_modules_next_dist_client_cf1d9188._.js:5956
[  240861ms] [LOG] [Fast Refresh] done in 574ms @ http://localhost:3000/_next/static/chunks/node_modules_next_dist_client_cf1d9188._.js:5816
[  241057ms] [LOG] [Fast Refresh] rebuilding @ http://localhost:3000/_next/static/chunks/node_modules_next_dist_client_cf1d9188._.js:5956
[  241495ms] [LOG] [Fast Refresh] done in 546ms @ http://localhost:3000/_next/static/chunks/node_modules_next_dist_client_cf1d9188._.js:5816
[  241753ms] [LOG] [Fast Refresh] rebuilding @ http://localhost:3000/_next/static/chunks/node_modules_next_dist_client_cf1d9188._.js:5956
[  241777ms] [LOG] [Fast Refresh] done in 125ms @ http://localhost:3000/_next/static/chunks/node_modules_next_dist_client_cf1d9188._.js:5816
[  241884ms] [LOG] [Fast Refresh] rebuilding @ http://localhost:3000/_next/static/chunks/node_modules_next_dist_client_cf1d9188._.js:5956
[  242157ms] [LOG] [Fast Refresh] done in 376ms @ http://localhost:3000/_next/static/chunks/node_modules_next_dist_client_cf1d9188._.js:5816
[  242346ms] [LOG] [Fast Refresh] rebuilding @ http://localhost:3000/_next/static/chunks/node_modules_next_dist_client_cf1d9188._.js:5956
[  242823ms] [LOG] [Fast Refresh] done in 582ms @ http://localhost:3000/_next/static/chunks/node_modules_next_dist_client_cf1d9188._.js:5816
[  243037ms] [LOG] [Fast Refresh] rebuilding @ http://localhost:3000/_next/static/chunks/node_modules_next_dist_client_cf1d9188._.js:5956
[  243098ms] [LOG] [Fast Refresh] done in 172ms @ http://localhost:3000/_next/static/chunks/node_modules_next_dist_client_cf1d9188._.js:5816
[  243636ms] [LOG] [Fast Refresh] rebuilding @ http://localhost:3000/_next/static/chunks/node_modules_next_dist_client_cf1d9188._.js:5956
[  244177ms] [LOG] [Fast Refresh] done in 640ms @ http://localhost:3000/_next/static/chunks/node_modules_next_dist_client_cf1d9188._.js:5816
[  244468ms] [LOG] [Fast Refresh] rebuilding @ http://localhost:3000/_next/static/chunks/node_modules_next_dist_client_cf1d9188._.js:5956
[  245540ms] [LOG] [Fast Refresh] done in 1185ms @ http://localhost:3000/_next/static/chunks/node_modules_next_dist_client_cf1d9188._.js:5816
[  245767ms] [LOG] [Fast Refresh] rebuilding @ http://localhost:3000/_next/static/chunks/node_modules_next_dist_client_cf1d9188._.js:5956
[  246087ms] [LOG] [Fast Refresh] done in 435ms @ http://localhost:3000/_next/static/chunks/node_modules_next_dist_client_cf1d9188._.js:5816
[  247845ms] [LOG] [Fast Refresh] rebuilding @ http://localhost:3000/_next/static/chunks/node_modules_next_dist_client_cf1d9188._.js:5956
[  247918ms] [LOG] [Fast Refresh] done in 179ms @ http://localhost:3000/_next/static/chunks/node_modules_next_dist_client_cf1d9188._.js:5816
[  248627ms] [LOG] [Fast Refresh] rebuilding @ http://localhost:3000/_next/static/chunks/node_modules_next_dist_client_cf1d9188._.js:5956
[  248654ms] [LOG] [Fast Refresh] done in 129ms @ http://localhost:3000/_next/static/chunks/node_modules_next_dist_client_cf1d9188._.js:5816
[  248755ms] [LOG] [Fast Refresh] rebuilding @ http://localhost:3000/_next/static/chunks/node_modules_next_dist_client_cf1d9188._.js:5956
[  249236ms] [LOG] [Fast Refresh] done in 582ms @ http://localhost:3000/_next/static/chunks/node_modules_next_dist_client_cf1d9188._.js:5816
[  249444ms] [LOG] [Fast Refresh] rebuilding @ http://localhost:3000/_next/static/chunks/node_modules_next_dist_client_cf1d9188._.js:5956
[  249510ms] [LOG] [Fast Refresh] done in 172ms @ http://localhost:3000/_next/static/chunks/node_modules_next_dist_client_cf1d9188._.js:5816
[  249632ms] [LOG] [Fast Refresh] rebuilding @ http://localhost:3000/_next/static/chunks/node_modules_next_dist_client_cf1d9188._.js:5956
[  250068ms] [LOG] [Fast Refresh] done in 549ms @ http://localhost:3000/_next/static/chunks/node_modules_next_dist_client_cf1d9188._.js:5816
[  250177ms] [LOG] [Fast Refresh] rebuilding @ http://localhost:3000/_next/static/chunks/node_modules_next_dist_client_cf1d9188._.js:5956
[  250198ms] [LOG] [Fast Refresh] done in 124ms @ http://localhost:3000/_next/static/chunks/node_modules_next_dist_client_cf1d9188._.js:5816
[  250358ms] [LOG] [Fast Refresh] rebuilding @ http://localhost:3000/_next/static/chunks/node_modules_next_dist_client_cf1d9188._.js:5956
[  250381ms] [LOG] [Fast Refresh] done in 127ms @ http://localhost:3000/_next/static/chunks/node_modules_next_dist_client_cf1d9188._.js:5816
[  250487ms] [LOG] [Fast Refresh] rebuilding @ http://localhost:3000/_next/static/chunks/node_modules_next_dist_client_cf1d9188._.js:5956
[  250851ms] [LOG] [Fast Refresh] done in 468ms @ http://localhost:3000/_next/static/chunks/node_modules_next_dist_client_cf1d9188._.js:5816
[  251051ms] [LOG] [Fast Refresh] rebuilding @ http://localhost:3000/_next/static/chunks/node_modules_next_dist_client_cf1d9188._.js:5956
[  251586ms] [LOG] [Fast Refresh] done in 641ms @ http://localhost:3000/_next/static/chunks/node_modules_next_dist_client_cf1d9188._.js:5816
[  252594ms] [LOG] [Fast Refresh] rebuilding @ http://localhost:3000/_next/static/chunks/node_modules_next_dist_client_cf1d9188._.js:5956
[  253305ms] [LOG] [Fast Refresh] done in 813ms @ http://localhost:3000/_next/static/chunks/node_modules_next_dist_client_cf1d9188._.js:5816
[  253522ms] [LOG] [Fast Refresh] rebuilding @ http://localhost:3000/_next/static/chunks/node_modules_next_dist_client_cf1d9188._.js:5956
[  253582ms] [LOG] [Fast Refresh] done in 164ms @ http://localhost:3000/_next/static/chunks/node_modules_next_dist_client_cf1d9188._.js:5816
[  253693ms] [LOG] [Fast Refresh] rebuilding @ http://localhost:3000/_next/static/chunks/node_modules_next_dist_client_cf1d9188._.js:5956
[  253749ms] [LOG] [Fast Refresh] done in 160ms @ http://localhost:3000/_next/static/chunks/node_modules_next_dist_client_cf1d9188._.js:5816
[  254677ms] [LOG] [Fast Refresh] rebuilding @ http://localhost:3000/_next/static/chunks/node_modules_next_dist_client_cf1d9188._.js:5956
[  254789ms] [LOG] [Fast Refresh] done in 216ms @ http://localhost:3000/_next/static/chunks/node_modules_next_dist_client_cf1d9188._.js:5816
[  255561ms] [LOG] [Fast Refresh] rebuilding @ http://localhost:3000/_next/static/chunks/node_modules_next_dist_client_cf1d9188._.js:5956
[  256382ms] [LOG] [Fast Refresh] done in 927ms @ http://localhost:3000/_next/static/chunks/node_modules_next_dist_client_cf1d9188._.js:5816
[  256686ms] [LOG] [Fast Refresh] rebuilding @ http://localhost:3000/_next/static/chunks/node_modules_next_dist_client_cf1d9188._.js:5956
[  256776ms] [LOG] [Fast Refresh] done in 191ms @ http://localhost:3000/_next/static/chunks/node_modules_next_dist_client_cf1d9188._.js:5816
[  257638ms] [LOG] [Fast Refresh] rebuilding @ http://localhost:3000/_next/static/chunks/node_modules_next_dist_client_cf1d9188._.js:5956
[  258109ms] [LOG] [Fast Refresh] done in 586ms @ http://localhost:3000/_next/static/chunks/node_modules_next_dist_client_cf1d9188._.js:5816
[  258391ms] [LOG] [Fast Refresh] rebuilding @ http://localhost:3000/_next/static/chunks/node_modules_next_dist_client_cf1d9188._.js:5956
[  258924ms] [LOG] [Fast Refresh] done in 637ms @ http://localhost:3000/_next/static/chunks/node_modules_next_dist_client_cf1d9188._.js:5816
[  259121ms] [LOG] [Fast Refresh] rebuilding @ http://localhost:3000/_next/static/chunks/node_modules_next_dist_client_cf1d9188._.js:5956
[  259125ms] [LOG] [Fast Refresh] done in 105ms @ http://localhost:3000/_next/static/chunks/node_modules_next_dist_client_cf1d9188._.js:5816
[  259234ms] [LOG] [Fast Refresh] rebuilding @ http://localhost:3000/_next/static/chunks/node_modules_next_dist_client_cf1d9188._.js:5956
[  259648ms] [LOG] [Fast Refresh] done in 521ms @ http://localhost:3000/_next/static/chunks/node_modules_next_dist_client_cf1d9188._.js:5816
[  261602ms] [LOG] [Fast Refresh] rebuilding @ http://localhost:3000/_next/static/chunks/node_modules_next_dist_client_cf1d9188._.js:5956
[  261627ms] [LOG] [Fast Refresh] done in 128ms @ http://localhost:3000/_next/static/chunks/node_modules_next_dist_client_cf1d9188._.js:5816
[  261788ms] [LOG] [Fast Refresh] rebuilding @ http://localhost:3000/_next/static/chunks/node_modules_next_dist_client_cf1d9188._.js:5956
[  262238ms] [LOG] [Fast Refresh] done in 552ms @ http://localhost:3000/_next/static/chunks/node_modules_next_dist_client_cf1d9188._.js:5816
[  262377ms] [LOG] [Fast Refresh] rebuilding @ http://localhost:3000/_next/static/chunks/node_modules_next_dist_client_cf1d9188._.js:5956
[  262424ms] [LOG] [Fast Refresh] done in 153ms @ http://localhost:3000/_next/static/chunks/node_modules_next_dist_client_cf1d9188._.js:5816
[  262539ms] [LOG] [Fast Refresh] rebuilding @ http://localhost:3000/_next/static/chunks/node_modules_next_dist_client_cf1d9188._.js:5956
[  262740ms] [LOG] [Fast Refresh] done in 314ms @ http://localhost:3000/_next/static/chunks/node_modules_next_dist_client_cf1d9188._.js:5816
[  263734ms] [LOG] [Fast Refresh] rebuilding @ http://localhost:3000/_next/static/chunks/node_modules_next_dist_client_cf1d9188._.js:5956
[  263935ms] [LOG] [Fast Refresh] done in 303ms @ http://localhost:3000/_next/static/chunks/node_modules_next_dist_client_cf1d9188._.js:5816
[  265674ms] [LOG] [Fast Refresh] rebuilding @ http://localhost:3000/_next/static/chunks/node_modules_next_dist_client_cf1d9188._.js:5956
[  265674ms] [LOG] [Fast Refresh] done in 106ms @ http://localhost:3000/_next/static/chunks/node_modules_next_dist_client_cf1d9188._.js:5816
[  265776ms] [LOG] [Fast Refresh] rebuilding @ http://localhost:3000/_next/static/chunks/node_modules_next_dist_client_cf1d9188._.js:5956
[  265796ms] [LOG] [Fast Refresh] done in 121ms @ http://localhost:3000/_next/static/chunks/node_modules_next_dist_client_cf1d9188._.js:5816
[  265900ms] [LOG] [Fast Refresh] rebuilding @ http://localhost:3000/_next/static/chunks/node_modules_next_dist_client_cf1d9188._.js:5956
[  266006ms] [LOG] [Fast Refresh] done in 207ms @ http://localhost:3000/_next/static/chunks/node_modules_next_dist_client_cf1d9188._.js:5816
[  266948ms] [LOG] [Fast Refresh] rebuilding @ http://localhost:3000/_next/static/chunks/node_modules_next_dist_client_cf1d9188._.js:5956
[  267592ms] [LOG] [Fast Refresh] done in 755ms @ http://localhost:3000/_next/static/chunks/node_modules_next_dist_client_cf1d9188._.js:5816
[  267856ms] [LOG] [Fast Refresh] rebuilding @ http://localhost:3000/_next/static/chunks/node_modules_next_dist_client_cf1d9188._.js:5956
[  268292ms] [LOG] [Fast Refresh] done in 536ms @ http://localhost:3000/_next/static/chunks/node_modules_next_dist_client_cf1d9188._.js:5816
[  268701ms] [LOG] [Fast Refresh] rebuilding @ http://localhost:3000/_next/static/chunks/node_modules_next_dist_client_cf1d9188._.js:5956
[  269100ms] [LOG] [Fast Refresh] done in 509ms @ http://localhost:3000/_next/static/chunks/node_modules_next_dist_client_cf1d9188._.js:5816
[  269246ms] [LOG] [Fast Refresh] rebuilding @ http://localhost:3000/_next/static/chunks/node_modules_next_dist_client_cf1d9188._.js:5956
[  269776ms] [LOG] [Fast Refresh] done in 642ms @ http://localhost:3000/_next/static/chunks/node_modules_next_dist_client_cf1d9188._.js:5816
[  269939ms] [LOG] [Fast Refresh] rebuilding @ http://localhost:3000/_next/static/chunks/node_modules_next_dist_client_cf1d9188._.js:5956
[  269940ms] [LOG] [Fast Refresh] done in 150ms @ http://localhost:3000/_next/static/chunks/node_modules_next_dist_client_cf1d9188._.js:5816
[  270083ms] [LOG] [Fast Refresh] rebuilding @ http://localhost:3000/_next/static/chunks/node_modules_next_dist_client_cf1d9188._.js:5956
[  270953ms] [LOG] [Fast Refresh] done in 974ms @ http://localhost:3000/_next/static/chunks/node_modules_next_dist_client_cf1d9188._.js:5816
[  271288ms] [LOG] [Fast Refresh] rebuilding @ http://localhost:3000/_next/static/chunks/node_modules_next_dist_client_cf1d9188._.js:5956
[  271425ms] [LOG] [Fast Refresh] done in 243ms @ http://localhost:3000/_next/static/chunks/node_modules_next_dist_client_cf1d9188._.js:5816
[  272825ms] [LOG] [Fast Refresh] rebuilding @ http://localhost:3000/_next/static/chunks/node_modules_next_dist_client_cf1d9188._.js:5956
[  272859ms] [LOG] [Fast Refresh] done in 137ms @ http://localhost:3000/_next/static/chunks/node_modules_next_dist_client_cf1d9188._.js:5816
[  274282ms] [LOG] [Fast Refresh] rebuilding @ http://localhost:3000/_next/static/chunks/node_modules_next_dist_client_cf1d9188._.js:5956
[  274372ms] [LOG] [Fast Refresh] done in 203ms @ http://localhost:3000/_next/static/chunks/node_modules_next_dist_client_cf1d9188._.js:5816
[  275266ms] [LOG] [Fast Refresh] rebuilding @ http://localhost:3000/_next/static/chunks/node_modules_next_dist_client_cf1d9188._.js:5956
[  275359ms] [LOG] [Fast Refresh] done in 194ms @ http://localhost:3000/_next/static/chunks/node_modules_next_dist_client_cf1d9188._.js:5816
[  275523ms] [LOG] [Fast Refresh] rebuilding @ http://localhost:3000/_next/static/chunks/node_modules_next_dist_client_cf1d9188._.js:5956
[  276221ms] [LOG] [Fast Refresh] done in 805ms @ http://localhost:3000/_next/static/chunks/node_modules_next_dist_client_cf1d9188._.js:5816
[  276448ms] [LOG] [Fast Refresh] rebuilding @ http://localhost:3000/_next/static/chunks/node_modules_next_dist_client_cf1d9188._.js:5956
[  276449ms] [LOG] [Fast Refresh] done in 107ms @ http://localhost:3000/_next/static/chunks/node_modules_next_dist_client_cf1d9188._.js:5816
[  276557ms] [LOG] [Fast Refresh] rebuilding @ http://localhost:3000/_next/static/chunks/node_modules_next_dist_client_cf1d9188._.js:5956
[  277595ms] [LOG] [Fast Refresh] done in 1145ms @ http://localhost:3000/_next/static/chunks/node_modules_next_dist_client_cf1d9188._.js:5816
[  278055ms] [LOG] [Fast Refresh] rebuilding @ http://localhost:3000/_next/static/chunks/node_modules_next_dist_client_cf1d9188._.js:5956
[  278552ms] [LOG] [Fast Refresh] done in 598ms @ http://localhost:3000/_next/static/chunks/node_modules_next_dist_client_cf1d9188._.js:5816
[  278728ms] [LOG] [Fast Refresh] rebuilding @ http://localhost:3000/_next/static/chunks/node_modules_next_dist_client_cf1d9188._.js:5956
[  279229ms] [LOG] [Fast Refresh] done in 605ms @ http://localhost:3000/_next/static/chunks/node_modules_next_dist_client_cf1d9188._.js:5816
[  279413ms] [LOG] [Fast Refresh] rebuilding @ http://localhost:3000/_next/static/chunks/node_modules_next_dist_client_cf1d9188._.js:5956
[  279458ms] [LOG] [Fast Refresh] done in 151ms @ http://localhost:3000/_next/static/chunks/node_modules_next_dist_client_cf1d9188._.js:5816
[  279569ms] [LOG] [Fast Refresh] rebuilding @ http://localhost:3000/_next/static/chunks/node_modules_next_dist_client_cf1d9188._.js:5956
[  279987ms] [LOG] [Fast Refresh] done in 528ms @ http://localhost:3000/_next/static/chunks/node_modules_next_dist_client_cf1d9188._.js:5816
[  280273ms] [LOG] [Fast Refresh] rebuilding @ http://localhost:3000/_next/static/chunks/node_modules_next_dist_client_cf1d9188._.js:5956
[  280325ms] [LOG] [Fast Refresh] done in 152ms @ http://localhost:3000/_next/static/chunks/node_modules_next_dist_client_cf1d9188._.js:5816
[  281126ms] [LOG] [Fast Refresh] rebuilding @ http://localhost:3000/_next/static/chunks/node_modules_next_dist_client_cf1d9188._.js:5956
[  281733ms] [LOG] [Fast Refresh] done in 711ms @ http://localhost:3000/_next/static/chunks/node_modules_next_dist_client_cf1d9188._.js:5816
[  281951ms] [LOG] [Fast Refresh] rebuilding @ http://localhost:3000/_next/static/chunks/node_modules_next_dist_client_cf1d9188._.js:5956
[  282051ms] [LOG] [Fast Refresh] done in 204ms @ http://localhost:3000/_next/static/chunks/node_modules_next_dist_client_cf1d9188._.js:5816
[  282666ms] [LOG] [Fast Refresh] rebuilding @ http://localhost:3000/_next/static/chunks/node_modules_next_dist_client_cf1d9188._.js:5956
[  282738ms] [LOG] [Fast Refresh] done in 173ms @ http://localhost:3000/_next/static/chunks/node_modules_next_dist_client_cf1d9188._.js:5816
[  284431ms] [LOG] [Fast Refresh] rebuilding @ http://localhost:3000/_next/static/chunks/node_modules_next_dist_client_cf1d9188._.js:5956
[  285116ms] [LOG] [Fast Refresh] done in 791ms @ http://localhost:3000/_next/static/chunks/node_modules_next_dist_client_cf1d9188._.js:5816
[  285340ms] [LOG] [Fast Refresh] rebuilding @ http://localhost:3000/_next/static/chunks/node_modules_next_dist_client_cf1d9188._.js:5956
[  286635ms] [LOG] [Fast Refresh] done in 1395ms @ http://localhost:3000/_next/static/chunks/node_modules_next_dist_client_cf1d9188._.js:5816
[  286962ms] [LOG] [Fast Refresh] rebuilding @ http://localhost:3000/_next/static/chunks/node_modules_next_dist_client_cf1d9188._.js:5956
[  287501ms] [LOG] [Fast Refresh] done in 680ms @ http://localhost:3000/_next/static/chunks/node_modules_next_dist_client_cf1d9188._.js:5816
[  290833ms] [LOG] [Fast Refresh] rebuilding @ http://localhost:3000/_next/static/chunks/node_modules_next_dist_client_cf1d9188._.js:5956
[  291419ms] [LOG] [Fast Refresh] done in 685ms @ http://localhost:3000/_next/static/chunks/node_modules_next_dist_client_cf1d9188._.js:5816
[  291701ms] [LOG] [Fast Refresh] rebuilding @ http://localhost:3000/_next/static/chunks/node_modules_next_dist_client_cf1d9188._.js:5956
[  292252ms] [LOG] [Fast Refresh] done in 660ms @ http://localhost:3000/_next/static/chunks/node_modules_next_dist_client_cf1d9188._.js:5816
[  292358ms] [LOG] [Fast Refresh] rebuilding @ http://localhost:3000/_next/static/chunks/node_modules_next_dist_client_cf1d9188._.js:5956
[  292361ms] [LOG] [Fast Refresh] done in 106ms @ http://localhost:3000/_next/static/chunks/node_modules_next_dist_client_cf1d9188._.js:5816
[  292477ms] [LOG] [Fast Refresh] rebuilding @ http://localhost:3000/_next/static/chunks/node_modules_next_dist_client_cf1d9188._.js:5956
[  292621ms] [LOG] [Fast Refresh] done in 247ms @ http://localhost:3000/_next/static/chunks/node_modules_next_dist_client_cf1d9188._.js:5816
[  293498ms] [LOG] [Fast Refresh] rebuilding @ http://localhost:3000/_next/static/chunks/node_modules_next_dist_client_cf1d9188._.js:5956
[  294031ms] [LOG] [Fast Refresh] done in 639ms @ http://localhost:3000/_next/static/chunks/node_modules_next_dist_client_cf1d9188._.js:5816
[  294936ms] [LOG] [Fast Refresh] rebuilding @ http://localhost:3000/_next/static/chunks/node_modules_next_dist_client_cf1d9188._.js:5956
[  294941ms] [LOG] [Fast Refresh] done in 116ms @ http://localhost:3000/_next/static/chunks/node_modules_next_dist_client_cf1d9188._.js:5816
[  295143ms] [LOG] [Fast Refresh] rebuilding @ http://localhost:3000/_next/static/chunks/node_modules_next_dist_client_cf1d9188._.js:5956
[  295182ms] [LOG] [Fast Refresh] done in 142ms @ http://localhost:3000/_next/static/chunks/node_modules_next_dist_client_cf1d9188._.js:5816
[  295290ms] [LOG] [Fast Refresh] rebuilding @ http://localhost:3000/_next/static/chunks/node_modules_next_dist_client_cf1d9188._.js:5956
[  295965ms] [LOG] [Fast Refresh] done in 783ms @ http://localhost:3000/_next/static/chunks/node_modules_next_dist_client_cf1d9188._.js:5816
[  296075ms] [LOG] [Fast Refresh] rebuilding @ http://localhost:3000/_next/static/chunks/node_modules_next_dist_client_cf1d9188._.js:5956
[  296129ms] [LOG] [Fast Refresh] done in 156ms @ http://localhost:3000/_next/static/chunks/node_modules_next_dist_client_cf1d9188._.js:5816
[  296461ms] [LOG] [Fast Refresh] rebuilding @ http://localhost:3000/_next/static/chunks/node_modules_next_dist_client_cf1d9188._.js:5956
[  296593ms] [LOG] [Fast Refresh] done in 245ms @ http://localhost:3000/_next/static/chunks/node_modules_next_dist_client_cf1d9188._.js:5816
